id;label;function;year;place_print
1;Jacobus de Vos & Catharina Hendricx;Bruidspaar;1645.0;
2;Claes Albertsz Haen;Drukker;;Haarlem
3;Anthony Jansen;Auteur;;
4;Joannes Antonides van der Goes & Suzanna Bormans;Bruidspaar;1678.0;
5;Abraham van II Waesberge;Drukker;;Rotterdam
6;Katharina Lescailje;Auteur;;
7;Laurens Bake van Wulverhorst;Auteur;;
8;Govard Bidloo;Auteur;;
9;Pieter Verhoek;Auteur;;
10;Pieter de La Croix;Auteur;;
11;David van Hoogstraten;Auteur;;
12;Joan Pluimer;Auteur;;
13;Jan Nieuwenhove & Eva Blok;Bruidspaar;1679.0;
14;Johannes Dale;Drukker;;Amsterdam
15;Gerard Rogge & Geertruit Konink;Bruidspaar;1679.0;
16;Jan de Wale & Agata Vlaming;Bruidspaar;1679.0;
17;Marten Du Floo & Elsje Rooleeuw;Bruidspaar;1679.0;
18;Gillis de Koker & Hester Liemans;Bruidspaar;1680.0;
19;Lescailje;Drukker;;Amsterdam
20;Gillis Vermeersch & Maria Fontein;Bruidspaar;1680.0;
21;Michiel (wed) Pietersz;Drukker;;Amsterdam
22;Herman Gerritsz Bakker & Geertruid Longespee;Bruidspaar;1680.0;
23;Antoni Blok & Agneta Blok;Bruidspaar;1681.0;
24;Boeteman;Drukker;;Amsterdam
25;Jan Ovaar & Peternella Mesdag;Bruidspaar;1681.0;
26;Goeree;Drukker;;Amsterdam
27;Jacobus Verbrugge & Maria Terwen;Bruidspaar;1681.0;
28;François van Hoogstraeten;Auteur, Drukker;;Dordrecht
29;Jan van Hoogstraten;Auteur, Drukker;;
30;Pieter van Bracht;Auteur;;
31;David de Neufville & Agneta de Neufville;Bruidspaar;1681.0;
32;Jan Rieuwertsz;Drukker;;Amsterdam
33;Gerbrant Hartzen & Ida Blok;Bruidspaar;1682.0;
34;Jakob Noë & Elizabet Verbrugge;Bruidspaar;1682.0;
35;Joan van der Smisse & Katharina Barnaart;Bruidspaar;1682.0;
36;David Barnaerts & Anna Keteling;Bruidspaar;1683.0;
37;Nikolaes Kops & Sara van Kazele;Bruidspaar;1683.0;
38;Jan Copyn & Katarina Antwerpen;Bruidspaar;1683.0;
39;Niklaes Kopyn & Maria Verschuure;Bruidspaar;1683.0;
40;Jan Haring & Anna van der Schuuren;Bruidspaar;1684.0;
41;Geeraerd Sam & Henrika Franken;Bruidspaar;1684.0;
42;Cornelis van Bracht;Auteur;;
43;Pieter Gryspeert & Sara Putmans;Bruidspaar;1684.0;
44;Hieronymus Sweerts;Drukker;;Amsterdam
45;Jakobus Barnaerts & Jacomina Verhammen;Bruidspaar;1684.0;
46;Joan de Stoppelaer & Ida de Neufville;Bruidspaar;1684.0;
47;David Roeters & Anna van der Meersch;Bruidspaar;1685.0;
48;Simon Banheining & Alida Hartsen;Bruidspaar;1685.0;
49;Abraham Olofsz;Drukker;;Amsterdam
50;Jakob Bus & Maria van Limburg;Bruidspaar;1686.0;
51;Cornelis Spiering & Geertruyt van der Goes;Bruidspaar;1686.0;
52;Gerard de Beveren & Anna Eling;Bruidspaar;1687.0;
53;Mattheus van Nispen;Drukker;;Dordrecht
54;Jakobus Kops & Elizabeth Barnaart;Bruidspaar;1687.0;
55;Dirk Gockels & Judith Spruit;Bruidspaar;1687.0;
56;Barent van Lier;Drukker;;Amsterdam
57;Aarnout van Dompselaar & Joanna Anna de Bordes;Bruidspaar;1687.0;
58;Willem Barnaerts & Maria van Westbusch;Bruidspaar;1687.0;
59;Johannes (Jr) Bredenburg & Sara Laagendaal;Bruidspaar;1687.0;
60;Rutger Aartsen & Joanna van Hoogemade;Bruidspaar;1687.0;
61;Pieter Beets & Maria Roosekrans;Bruidspaar;1688.0;
62;A. Henstenburg;Auteur;;
63;Jan Jansen Louwe & Anna Roos;Bruidspaar;1688.0;
64;Tieleman van ter Ney & Sara Targier;Bruidspaar;1688.0;
65;Abraham Targier;Auteur;;
66;Pieter van Halmael Adams & Suzanna Betrang;Bruidspaar;1689.0;
67;Jacob Teyler & Magdalena de Haan;Bruidspaar;1689.0;
68;Vredenryk Beets & Sara Vorsterman;Bruidspaar;1690.0;
69;Theodorus van Born & Maria van der Schuuren;Bruidspaar;1690.0;
70;Jan de Neufville & Joanna van Beeck;Bruidspaar;1690.0;
71;Jan Copyn & Janneke Terwen;Bruidspaar;1690.0;
72;Herman ten Kate & Jozyna Bronkhorst;Bruidspaar;1691.0;
73;Pieter van Beek & Katarina Aldeweerelt;Bruidspaar;1691.0;
74;Andries van Dale & Maria Dop;Bruidspaar;1691.0;
75;Jan van Koppenol & Cornelia Aartsen;Bruidspaar;1691.0;
76;Hendrik Oosterling & Kornelia de Veer;Bruidspaar;1691.0;
77;Martinis Davidse Kleewens & Elizabet van Aalst;Bruidspaar;1691.0;
78;Gillis Teyler & Maria van der Mersch;Bruidspaar;1692.0;
79;Isaac Feitama & Katharina Rooleeuw;Bruidspaar;1692.0;
80;Eduard Feitama;Auteur;;
81;Antoni Kops & Maria Vermande;Bruidspaar;1692.0;
82;Dirk ten Kate;Auteur;;
83;Johannes Bredenburg;Auteur;;
84;A. Timmermans;Auteur;;
85;Philip van Kemmena & Katarina Elizabet van Thoor;Bruidspaar;1692.0;
86;Dirk van Lennep & Susanna Leeuw;Bruidspaar;1692.0;
87;Kornelis van Walre & Elizabet Roeters;Bruidspaar;1692.0;
88;Laurens Willing & Anna Fries;Bruidspaar;1692.0;
89;Kornelis Vinkestein & Maiken Hooft;Bruidspaar;1692.0;
90;Dirk van Oosterwyk & Levyna Verbeek;Bruidspaar;1692.0;
91;Herman Schreder & Christina Almonde;Bruidspaar;1692.0;
92;Pieter Koolaert & Elizabeth Hoofman;Bruidspaar;1693.0;
93;Hermannus Angelkot;Auteur;;
94;Jacob Storm;Auteur;;
95;Abraham Bógaert;Auteur;;
96;Antoni van Maurik & Geertruid van Duisburg;Bruidspaar;1693.0;
97;Pieter van Beek & Klemencia Vollenhove;Bruidspaar;1693.0;
98;Izaak van Beuningen & Maria Ehmens;Bruidspaar;1693.0;
99;Izaak Daams & Alida Roermond;Bruidspaar;1693.0;
100;I.U.;Auteur;;
101;Jan Dop & Maria Bording;Bruidspaar;1693.0;
102;Geerling Kops & Sara Teyler;Bruidspaar;1693.0;
103;Dirk Willink & Christina Kramer;Bruidspaar;1693.0;
104;Abraham Inses & Willemyna Stok;Bruidspaar;1693.0;
105;Dirk Rutgers & Catharina de Neufville;Bruidspaar;1693.0;
106;Florentius Croon;Auteur;;
107;Gerrit Fortgens;Auteur;;
108;Kornelis van Builard & Maria van Blenkvlied;Bruidspaar;1693.0;
109;Abraham Blaaupot & Elisabeth Bruin;Bruidspaar;1694.0;
110;Joan van Woensel & Margareta Noortdyk;Bruidspaar;1694.0;
111;Kornelis Willemse & Maria Jans;Bruidspaar;1694.0;
112;Abraham van Limburg & Margareta Blaaupot;Bruidspaar;1695.0;
113;Jacob van Beek & Gouda van Gent;Bruidspaar;1695.0;
114;Sieuwert Centen & Johanna Bruyn;Bruidspaar;1695.0;
115;Stefanus van Leuvenig & Anna Kuiken;Bruidspaar;1695.0;
116;François van Halmael & Barbara van Wylik;Bruidspaar;1695.0;
117;Joan Jakobsz Teyler & Maria van Gelein;Bruidspaar;1695.0;
118;Salomon van Wylik & Christina Roeters;Bruidspaar;1695.0;
119;Jakob Paradys & Maria van Os;Bruidspaar;1695.0;
120;Jacob Alewynsz Ghysen & Juliana van der Schelling;Bruidspaar;1695.0;
121;Maarten Post & Anna de Vyver;Bruidspaar;1695.0;
122;Fransois van Halmaal & Barbara van Wylik;Bruidspaar;1695.0;
123;Abraham van der Meersch & Katarina Outerloo;Bruidspaar;1696.0;
124;Pieter Edens & Catharina Inses;Bruidspaar;1696.0;
125;Hendrik Boel & Cornelia de Geus;Bruidspaar;1696.0;
126;Tobias Boel;Auteur;;
127;J.S.;Auteur;;
128;Willem Fremery & Margarieta Kroon;Bruidspaar;1696.0;
129;Izaak van Hoven & Anna van der Vecht;Bruidspaar;1696.0;
130;Justus de Haan & Johanna Linnich van Koppenol;Bruidspaar;1696.0;
131;Niklaas Beuns & Margareta Beuns;Bruidspaar;1696.0;
132;Joannes Witte & Hester de Leeuw;Bruidspaar;1696.0;
133;Pieter Rutgers & Ingenia van Lennep;Bruidspaar;1696.0;
134;Joannes de Wees;Drukker;;Amsterdam
135;Hendrik Teyler & Sara Katoor;Bruidspaar;1696.0;
136;Hendrik van Dale & Hester Rozyn;Bruidspaar;1696.0;
137;Galenus Abrahamsz & Sara Bierens Abrahams;Bruidspaar;1696.0;
138;Adriaan van Buylaart & Catharina van den Tempel;Bruidspaar;1697.0;
139;Joannes Danser & Catharina van der Meersch;Bruidspaar;1697.0;
140;Johannes van der Mersch & Petronella van Oosterwyk;Bruidspaar;1697.0;
141;David Izaksz Rutgers & Debora Bruin;Bruidspaar;1697.0;
142;Jakob de Vries & Elizabet van Westerhoven;Bruidspaar;1697.0;
143;Joannes van de Wall & Elsje van Aalstée;Bruidspaar;1697.0;
144;Abraham Graafman & Belytje van Mazeyk;Bruidspaar;1697.0;
145;Jan Bruin & Hester Verhammen;Bruidspaar;1698.0;
146;Arend Copyn & Anna Grave;Bruidspaar;1698.0;
147;Johannes Smets;Drukker;;Amsterdam
148;Arnout Kops & Johanna Nobeling;Bruidspaar;1698.0;
149;Adam van Rixtel & Johanna de Haan;Bruidspaar;1698.0;
150;Matthys de Haan & Suzanna Teyler;Bruidspaar;1698.0;
151;Abraham van Halmael & Wynanda van Aken;Bruidspaar;1698.0;
152;Cornelis van der Seys & Sara Arends Schryver;Bruidspaar;1698.0;
153;Jan van der Sys & Suzanna van der Hulst;Bruidspaar;1698.0;
154;Albertus Seba & Anna Lopes;Bruidspaar;1698.0;
155;Izaak Zuurlander & Sara van Vianen;Bruidspaar;1698.0;
156;Arnoud van Haalen & Margareta Rooleeuw;Bruidspaar;1699.0;
157;Leonard de Vogel & Johanna van Hoek;Bruidspaar;1699.0;
158;Lieve Geelvinck (1676-1743) & Agatha Theodora van Bambeeck;Bruidspaar;1699.0;
159;Jacob van Royen;Drukker;;Amsterdam
160;Willem van der Hoeven;Auteur;;
161;Adriaan Spinniker & Sara Verduyn;Bruidspaar;1699.0;
162;Jacob de Veer;Drukker;;Amsterdam
163;Cornelis Sweerts & Helena van Weerden;Bruidspaar;1699.0;
164;Nicolaas van Rijp & Jacoba van Emmenes;Bruidspaar;1700.0;
165;Hendrik Snakenburg;Auteur;;
166;Herman Lufneu & Anna Amsincq;Bruidspaar;1702.0;
167;Barent Bos;Drukker;;Rotterdam
168;Willem Rabus;Auteur;;
169;Gerhart Franken & Katharyne Adelheit Moonen;Bruidspaar;1702.0;
170;Arnoldus Curtenius;Drukker;;Deventer
171;Petrus Francius;Auteur;;
172;Janus Broukhusius;Auteur;;
173;H. van Wullen;Auteur;;
174;J. Pastorius;Auteur;;
175;Lucas Rotgans;Auteur;;
176;François Halma;Auteur, Drukker;;
177;L. van Olst;Auteur;;
178;Arnold Moonen;Auteur;;
179;Claas Cornelisz Calff & Aafje Pieters;Bruidspaar;1702.0;
180;Joannes Oosterwyk;Auteur, Drukker;;Amsterdam
181;Govard Bidloo & Alexandrina Schatter;Bruidspaar;1702.0;
182;Andreas Blankert & Constantia van Schooneveld;Bruidspaar;1703.0;
183;Lodewyk de Veer & Hester van Halmael;Bruidspaar;1703.0;
184;G. van Halmael;Auteur;;
185;Hendrik van Halmael;Auteur;;
186;Jan de Regt;Auteur;;
187;Arnold Boonen & Anna Maria Matthaeus;Bruidspaar;1703.0;
188;Gysbert Ostens & Elizabeth de Paauw;Bruidspaar;1704.0;
189;Jan van Damme;Drukker;;Leiden
190;J.Cz Bremer;Auteur;;
191;David Amoury & Maria de Flines;Bruidspaar;1705.0;
192;Ludolph Smids;Auteur;;
193;Cornelis Sweerts;Auteur;;
194;Jan Goeree;Auteur;;
195;Mattheus Molshoek Bakker & Anna Bicker;Bruidspaar;1705.0;
196;Hieronimus van Heemskerk & Sophia van Rijp;Bruidspaar;1705.0;
197;Pieter Spranger & Alida Schippers;Bruidspaar;1705.0;
198;Fredrik Helm;Drukker;;Amsterdam
199;Hero Mooy & Catharina de Vlieger;Bruidspaar;1706.0;
200;L. Kramp;Auteur;;
201;Hendrik van de Gaete;Auteur, Drukker;;
202;Lambert van den Bosch;Auteur;;
203;Pieter Decker & Johanna de Nys;Bruidspaar;1706.0;
204;Geldorp;Drukker;;Haarlem
205;Jan Geldorp;Auteur;;
206;Pieter Vlaming & Wynanda Calkoen;Bruidspaar;1706.0;
207;Matthaeus Brouërius van Nidek;Auteur;;
208;Elie A.W. Des Pommare;Auteur;;
209;Jacob Voordaag;Auteur;;
210;Hermanus van den Burg;Auteur;;
211;Hendrik van Vreede & Adriana Hennebo;Bruidspaar;1706.0;
212;Hendrik van de Goese;Auteur;;
213;David van Gent & Johanna de Haan;Bruidspaar;1706.0;
214;Jan Baptista Wellekens;Auteur;;
215;Isaac Snep & Cornelia Slagregen;Bruidspaar;1706.0;
216;Kornelis Boon van Engelant;Auteur;;
217;Jacob van Lennep & Susanna Rutgers;Bruidspaar;1706.0;
218;Ysbrand Vincent;Auteur;;
219;Jean de Wolf & Margareta Verhammen;Bruidspaar;1706.0;
220;J. Roeters;Auteur;;
221;C. van Reyneveld;Auteur;;
222;Aarnoud Stokkelaar & Belida Kleinschol;Bruidspaar;1706.0;
223;Claas Bruin;Auteur;;
224;Gerard Muyser & Sara Muyser;Bruidspaar;1706.0;
225;Pieter Vlaming;Auteur;;
226;Pierre A.W. Marin;Auteur;;
227;I.G.W.F.M.;Auteur;;
228;Willem Crucius & Alida Gronovius;Bruidspaar;1706.0;
229;Petrus Burman;Auteur;;
230;Joan Jacob Mauricius;Auteur;;
231;Adriaan Pars;Auteur;;
232;Siward Haverkamp;Auteur;;
233;Joannes Fredericus Gronovius;Auteur;;
234;Isaac de Visscher;Auteur;;
235;Cornelis Corn Calff & Grietje Claase Bloem;Bruidspaar;1707.0;
236;Jacob van Lennep & Cornelia de Veer;Bruidspaar;1707.0;
237;Hester van Halmael;Auteur;;
238;J.D.W.;Auteur;;
239;Willem Vlaming & Katharina Theodora Beek;Bruidspaar;1707.0;
240;A.W.;Auteur;;
241;Daniel Willink;Auteur;;
242;Dirk Makreel & Margareta van Veen;Bruidspaar;1707.0;
243;Karel d' Amour & Geertruyd Gales;Bruidspaar;1707.0;
244;Jacobus van Hardenberg;Drukker;;Amsterdam
245;I.G.S.F.;Auteur;;
246;Jan van Meekeren & Margareta Rutgers;Bruidspaar;1707.0;
247;Cornelis van Eeke;Auteur;;
248;Herkules Bouman;Auteur;;
249;W.S.;Auteur;;
250;Matthys Westendorp & Elizabeth Hartsen;Bruidspaar;1707.0;
251;Gerrit Fortgens & Anna Gryspeert;Bruidspaar;1707.0;
252;Lucas Schermer;Auteur;;
253;Jacob Slagregen & Agata van Gent;Bruidspaar;1707.0;
254;Pieter Fries & Anna van der Steen;Bruidspaar;1707.0;
255;P. Kervel;Auteur;;
256;Jacob van Oosterwyk & Anna Bruyn;Bruidspaar;1708.0;
257;Adriaan Spinniker;Auteur;;
258;P. van Loo;Auteur;;
259;Jan van Gysen;Auteur;;
260;J.V.;Auteur;;
261;G.B.;Auteur;;
262;Jacob Tomasz Teyler & Hester Terwen;Bruidspaar;1708.0;
263;Kornelis Willemsz Westerbaen;Auteur;;
264;Jan Hooft & Anna Rave;Bruidspaar;1708.0;
265;George Bruyn & Lavina van Oosterwyk;Bruidspaar;1708.0;
266;Dirk Smout;Auteur;;
267;Anthony Koppenol;Auteur;;
268;Jan Walraven & Margareta Trip;Bruidspaar;1708.0;
269;Samuel Halma;Drukker;;Amsterdam
270;Paulus Loot & Margareta Du Quesnoy;Bruidspaar;1708.0;
271;Pr Amour;Auteur;;
272;David Mattheus de Neufville & Jacoba van Gelder;Bruidspaar;1708.0;
273;L.C.;Auteur;;
274;Jacob Adriaansz Hennebo & Magdalena Barnaart;Bruidspaar;1708.0;
275;Joannes Houbakker;Auteur;;
276;Anthony Paauw & Willemina Arnold;Bruidspaar;1708.0;
277;Hercules van Hoornbeek;Auteur;;
278;Joannes Kroon & Ermina Geubels;Bruidspaar;1708.0;
279;Martinus Bodisco;Auteur;;
280;Jordaan Luchtmans & Sara van Musschenbroek;Bruidspaar;1708.0;
281;Willem Kops & Anna van Gelder;Bruidspaar;1708.0;
282;Jacob Engelgeer & Maria Bonte;Bruidspaar;1709.0;
283;Evert Visscher;Auteur, Drukker;;
284;Hendrik van Eyk & Margareta van Gent;Bruidspaar;1709.0;
285;David van Halmael & Maria Bosch;Bruidspaar;1709.0;
286;Aarnoud Fortgens & Elisabet Hennebo;Bruidspaar;1709.0;
287;Barent Visscher;Drukker;;Amsterdam
288;Lucas F.R. Rotgans;Auteur;;
289;J. Fortgens;Auteur;;
290;Matthys Houbakker & Agneta Kille;Bruidspaar;1709.0;
291;Benedictus van Ryneveld & Johanna Veen;Bruidspaar;1709.0;
292;Enoch Linklaan Krook;Auteur;;
293;Dirk Kool & Katharina van Bronkhorst;Bruidspaar;1709.0;
294;Frederik Hendrik Wetstein;Auteur;;
295;H. van Stryen;Auteur;;
296;Nicolaas Le Seur;Auteur;;
297;Joannes Houbakker & Dina van der Smisse;Bruidspaar;1709.0;
298;M.B.;Auteur;;
299;Joannes Haverkamp;Auteur;;
300;Jacob Viruly;Auteur;;
301;Theodorus Fries & Cornelia de Clercq;Bruidspaar;1709.0;
302;Hercules van Hoornbeek & Maria Arnold;Bruidspaar;1709.0;
303;Abraham de Neufville & Anna de Neufville;Bruidspaar;1709.0;
304;Pieter Gys (1678-1759) & Maria van den Bergh;Bruidspaar;1710.0;
305;Jan Volkerts Visscher & Hildegonda de Wilde;Bruidspaar;1710.0;
306;Pieter van den II Berge;Auteur, Drukker;;Amsterdam
307;Pieter van den Berge;Auteur;;
308;Gysbert de Lange & Maria de Wilde;Bruidspaar;1710.0;
309;David de Koning;Auteur;;
310;Mattheus van Hoogstraten;Auteur;;
311;Dirk Hagen & Anna Bleeker;Bruidspaar;1710.0;
312;Jacob Coesaart & Ida Arnold;Bruidspaar;1710.0;
313;Victor de Haan & Anna van Gesser;Bruidspaar;1710.0;
314;Jan de Haan;Auteur;;
315;I. Pz. de Haan;Auteur;;
316;A. van der Styl;Auteur;;
317;Thomas Joannes van de Weetering & Anna Welzing;Bruidspaar;1710.0;
318;Anthonius van Oostrum & Catharina Scholten;Bruidspaar;1710.0;
319;Petrus Ghys & Mariam Bergiam;Bruidspaar;1710.0;
320;Anthoni van Oostrum & Catharina Scholten;Bruidspaar;1710.0;
321;Lodewyk van Dam & Agatha de Bye;Bruidspaar;1711.0;
322;Johan Steengracht;Auteur;;
323;Gilbert de Flines & Susanna Elisabeth Du Pré;Bruidspaar;1711.0;
324;Jan Frederik Teeckman;Auteur;;
325;F.V.W.;Auteur;;
326;P.A.;Auteur;;
327;I.E.F.;Auteur;;
328;Coenraad Groenewoud & Aaltje Genis;Bruidspaar;1711.0;
329;Elisabet Groenewoud;Auteur;;
330;Gerrit Konynenberg & Maria Ritter;Bruidspaar;1711.0;
331;N. van Helderenberg;Auteur;;
332;David Rutgers (1682-1757) & Maria de Neufville;Bruidspaar;1711.0;
333;Daniel Rutgers;Auteur;;
334;Gilbert de Flines;Auteur;;
335;Gerard van Heyningen & Elisabeth de Clercq;Bruidspaar;1711.0;
336;Pieter Anderson & Clara d' Amour;Bruidspaar;1711.0;
337;L.B.;Auteur;;
338;Gualterus de Raad & Anna Maria Muilman;Bruidspaar;1711.0;
339;Jacob Sintefoi & Geertruid van Middelandt;Bruidspaar;1711.0;
340;Jacob Aarnoudsz van Lennep & Petronella de Neufville;Bruidspaar;1711.0;
341;Arnold Houbraken;Auteur;;
342;Leonard van Velsen & Anna Vorsterman;Bruidspaar;1711.0;
343;Jan Geldorp & Maria van Limburg;Bruidspaar;1711.0;
344;Jan Clicquet & Maria Welzing;Bruidspaar;1711.0;
345;Pieter Anthony de Huybert;Auteur;;
346;M. Oosterland;Auteur;;
347;Marinus Oudenaarde & Magdalena van der Laan;Bruidspaar;1711.0;
348;Jacobus Boutkan & Hester van der Kindert;Bruidspaar;1712.0;
349;Jakob Zeeus;Auteur;;
350;Frans Greenwood;Auteur;;
351;A. van Sleyden;Auteur;;
352;Abraham Peyster;Auteur;;
353;Anthony Rooleeuw & Anna de Wilde;Bruidspaar;1712.0;
354;Dirk van der Schelling & Anna Schryver;Bruidspaar;1712.0;
355;Pieter Langendyk;Auteur;;
356;Pieter Adriaensz Verwer;Auteur;;
357;J. Resanschavinum Boncq;Auteur;;
358;François van Harencarspel & Anna Apolonia Looten;Bruidspaar;1712.0;
359;Adriaan Hoppestein;Auteur;;
360;Abraham Barnaart & Elisabeth van der Hoef;Bruidspaar;1712.0;
361;Roelof Veening & Hendrina Thin;Bruidspaar;1712.0;
362;Kornelis Jongerhelt;Auteur;;
363;T. van Sadelhof;Auteur;;
364;Izak Thin;Auteur;;
365;Gerrit Veening;Auteur;;
366;Dirk van der Meer & Debora Elias;Bruidspaar;1712.0;
367;Jan van Vliet;Auteur;;
368;Jan Graauwhart;Auteur;;
369;Jan van den Bosch & Susanna Hobrink;Bruidspaar;1712.0;
370;P. van den Bosch;Auteur;;
371;Adriaan van Loon & Apollonia Looten;Bruidspaar;1712.0;
372;Willem van Laar & Livina van Coppenoll;Bruidspaar;1712.0;
373;Joannes Trip & Elisabeth Tielens;Bruidspaar;1713.0;
374;Michiel Slagregen & Maria Crajesteyn;Bruidspaar;1713.0;
375;A. Benoorden;Auteur;;
376;Jacob Murison & Elizabeth Hoffham;Bruidspaar;1713.0;
377;Abraham West;Auteur;;
378;De Deksel;Auteur;;
379;Jacob (Jr) Raket;Auteur;;
380;Leonard Lups & Cornelia Rutgers;Bruidspaar;1713.0;
381;J.D.;Auteur;;
382;Hendrik Kops & Magdalena Teyler;Bruidspaar;1713.0;
383;J. van Wassen;Auteur;;
384;H.V.B.;Auteur;;
385;Abraham Wynands & Cornelia Vincent;Bruidspaar;1713.0;
386;Jan Corver & Sara Maria Trip;Bruidspaar;1713.0;
387;Gerard onder de Linden;Drukker;;Amsterdam
388;Geeraert Kasparsz Brandt & Kornelia van Rixtel;Bruidspaar;1713.0;
389;Hendrik Verryn & Geertruid van Wieringen;Bruidspaar;1713.0;
390;Wilhelmus Lomannus;Auteur;;
391;Paulus Hendriksz Verryn;Auteur;;
392;Willem Cramer & Maria Vermeulen;Bruidspaar;1713.0;
393;Hendrik Hagen & Anna van Anklam;Bruidspaar;1713.0;
394;Adriaan onder de Linden & Antonia Verhoeff;Bruidspaar;1713.0;
395;Tielman van Bracht;Auteur;;
396;Arnold Hoogvliet;Auteur;;
397;Adriaan van Malsen & Hillegonda van Heyningen;Bruidspaar;1713.0;
398;A. Claver;Auteur;;
399;Cornelis van Tongerlo & Johanna Vermeersch;Bruidspaar;1713.0;
400;W.F.H. v. A.;Auteur;;
401;Roeland van Leuven;Auteur;;
402;Jan van Lankom & Christina Benthem;Bruidspaar;1714.0;
403;Abraham van Lankom;Auteur;;
404;Hendrik ten Kate & Christina ten Kate;Bruidspaar;1714.0;
405;Daniel de Vos;Auteur;;
406;Gerrit Schoemaker & Margareta Esser;Bruidspaar;1714.0;
407;Pieter Hoogenbergh;Auteur;;
408;Egbert Thesingh & Eletta van de Ryp;Bruidspaar;1714.0;
409;Pieter van Poot & Cornelia Vry;Bruidspaar;1714.0;
410;Abraham van Limburg;Auteur;;
411;Isaac Thomasz Delcourt;Auteur;;
412;Hendrik van Poot;Auteur;;
413;Jacob de Haan & Anna van Gelder;Bruidspaar;1714.0;
414;Wessel Kluppel;Auteur;;
415;Johannes Nagel & Agneta Elisabeth Veltkamp;Bruidspaar;1714.0;
416;A. Tros;Auteur;;
417;Pieter Straat;Auteur;;
418;P.H.B.H.;Auteur;;
419;Frans van Steenwyk & Judith ten Kate;Bruidspaar;1714.0;
420;P. van Dam;Auteur;;
421;Mozes van Hulkenroy;Auteur;;
422;Aäron van Hulkenroy;Auteur;;
423;Pieter Lups & Margareta Kops;Bruidspaar;1714.0;
424;Izaak van der Vinne;Auteur, Drukker;;
425;C.B.;Auteur;;
426;Michiel Bruynvis & Anna Bruynvis;Bruidspaar;1714.0;
427;Ysbrand Ysbrandsz Vincent;Auteur;;
428;Bartholomeus Bruynvis;Auteur;;
429;Paulus Snellen & Margareta Geertruda van Beeck;Bruidspaar;1714.0;
430;Andries Oortman & Catharina Linnich van Koppenol;Bruidspaar;1714.0;
431;Gerrit Muntendam;Drukker;;Utrecht
432;Henrik van der Marck;Auteur;;
433;Willem Koolenkamp;Auteur;;
434;Dionys Oortman;Auteur;;
435;Cornelis Vestenburgh & Agatha Ida Vederman;Bruidspaar;1714.0;
436;Jan van Ruster;Auteur;;
437;Jan van Wieringen & Amarante Meermans;Bruidspaar;1714.0;
438;Jan Wandelaar & Elisabeth Smit;Bruidspaar;1714.0;
439;François Jansz van Hoogstraten;Auteur;;
440;Gerardus Kempher;Auteur;;
441;Jan Wenkink & Maria Steenweg;Bruidspaar;1714.0;
442;Pieter van Bodegem & Catharina Huyssen;Bruidspaar;1714.0;
443;Theodoor van Snakenburg;Auteur;;
444;Wessel van Balen & Maria Scholten;Bruidspaar;1715.0;
445;Filips Piek;Auteur;;
446;Abraham de West;Auteur;;
447;B.S.;Auteur;;
448;de J.E.L.;Auteur;;
449;Juriaan Willink & Elizabet van Tongerlo;Bruidspaar;1715.0;
450;H. van Lochem;Auteur;;
451;Roeland van Leuve;Auteur;;
452;Cornelis van Leuve;Auteur;;
453;Dirk de Back & Jakoba van Kouwenhoven;Bruidspaar;1715.0;
454;Nicolaas Bos;Drukker;;Rotterdam
455;Cornelius van Arckel;Auteur;;
456;J. de Back;Auteur;;
457;Abraham van Wylik & Ursula Roeters;Bruidspaar;1715.0;
458;H. van Streek;Auteur;;
459;Willem Spiering;Auteur;;
460;Albert van Heyningen & Sara ten Kate;Bruidspaar;1715.0;
461;Abraham Fortgens;Auteur;;
462;P.H.;Auteur;;
463;Sander Stevensz van Leuvenig & Debora Bleeker;Bruidspaar;1715.0;
464;Leendert van Velsen;Auteur;;
465;Daniel de Stoppelaar & Maria van Buylaard;Bruidspaar;1715.0;
466;Jacob van Speek & Catharina Engels;Bruidspaar;1715.0;
467;Anthony Rygerbos & Anna Ardinoys;Bruidspaar;1715.0;
468;Pieter de Leeuw & Anna van Wyk;Bruidspaar;1715.0;
469;Jacob van Veen;Auteur;;
470;J.A.;Auteur;;
471;Dirk de Raad & Anna Hulshout;Bruidspaar;1715.0;
472;Willem van Stryen & Clara Maria Slicher;Bruidspaar;1715.0;
473;Jan Hendriksz Verryn & Maria van Ryk;Bruidspaar;1715.0;
474;Barent Kok;Auteur;;
475;Cornelis George Roeters & Sara Roeters;Bruidspaar;1716.0;
476;Dirk van (Jr) Lennep & Catharina de Neufville;Bruidspaar;1716.0;
477;Abraham Lapro & Josina van Karnebeek;Bruidspaar;1716.0;
478;Egbert van Karnebeek;Auteur;;
479;Filips George Piek;Auteur;;
480;Henrik van Hees & Barbara Joanna van der Hoeven van Berkel;Bruidspaar;1716.0;
481;Johannes I Hofhout;Drukker;;Rotterdam
482;Joan de Haes;Auteur;;
483;Samuel Everwyn & Maria Onderwater;Bruidspaar;1716.0;
484;Joannes van Braam;Auteur, Drukker;;
485;Johannes van Dooreslaer;Auteur;;
486;Herman Boonen;Auteur;;
487;Jan Verryn & Debora van den Ende;Bruidspaar;1716.0;
488;Johannes de Goede;Auteur;;
489;Georgius Jsz van den Ende;Auteur;;
490;Herman Boonen & Elizabet Keur;Bruidspaar;1716.0;
491;Andreas van Duiveland;Auteur;;
492;Hendrik van Duiveland;Auteur;;
493;Adriaan van Assendelft & Anna Maria de Bye;Bruidspaar;1716.0;
494;Diderik van Leyden & Sofya Dina de Rovere;Bruidspaar;1716.0;
495;Hermanus van Santen & Anna Garengroot;Bruidspaar;1717.0;
496;Jan Petersen & Alida Krimping;Bruidspaar;1717.0;
497;M. J.D.V.I. Petersen;Auteur;;
498;Arnold Nachetegael Klemens;Auteur;;
499;Galenus van Baerle & Wilhelmina Verwit;Bruidspaar;1717.0;
500;C. van Baerle;Auteur;;
501;Christiaan Klaarbout;Auteur;;
502;Henrik van Voorst & Katharina Schyn;Bruidspaar;1717.0;
503;Daniel Lambrechts & Bernardina van Enst;Bruidspaar;1717.0;
504;Nicolaas van Poelgeest;Auteur;;
505;Pieter Rotterdam & Anna Catharina Weyer;Bruidspaar;1717.0;
506;Leonard Weyer;Auteur;;
507;Arnout Dederiks & Sara Susanna Couck;Bruidspaar;1717.0;
508;Willem van Ranouw;Auteur;;
509;D.G.V.A.;Auteur;;
510;Arnold Nachtegael Klemens;Auteur;;
511;J. Steevensz;Auteur;;
512;C.I.;Auteur;;
513;Abraham Jansz van Dorssen & Neeltje Hagen;Bruidspaar;1717.0;
514;Jacobus van Geleyn & Catharina van Louw;Bruidspaar;1717.0;
515;J.E. van Geleyn;Auteur;;
516;R.B.;Auteur;;
517;Andries Kluppel & Wynanda van Loozen;Bruidspaar;1717.0;
518;J. Druyff;Auteur;;
519;Gerard Beelaerts & Cornelia Eliana Scott;Bruidspaar;1717.0;
520;Balthazar Huydecoper;Auteur;;
521;Diederik Steenwinkel;Auteur;;
522;Jan Stevensz Wolters & Anna Maria van der Does;Bruidspaar;1717.0;
523;Philip Jacob van Borssele van der Hooghe & Maria Elizabeth van Stryen;Bruidspaar;1717.0;
524;Gerard de Bye & Suzanna Beatrix van Assendelft;Bruidspaar;1717.0;
525;Pieter van der Schelling & Alida van Alkemade;Bruidspaar;1717.0;
526;Johannes Lomannus;Auteur;;
527;Johan Fontaine & Petronella Calkoen;Bruidspaar;1717.0;
528;Abraham Verhamme Albertusz. & Wyna van Lennep;Bruidspaar;1717.0;
529;Pieter Langendijk;Auteur;;
530;Arnold Nachtegael de jonge;Auteur;;
531;P.L.;Auteur;;
532;A.N.;Auteur;;
533;C. Boon;Auteur;;
534;M.D.;Auteur;;
535;Jacobus van Pesch & Dina van der Smisse;Bruidspaar;1718.0;
536;Chr Simonides;Auteur;;
537;Arent Bosch & Eletta Thesingh;Bruidspaar;1718.0;
538;Herman Vingerhoedt (1697-1762) & Johanna Ignatia van der Hoeven;Bruidspaar;1718.0;
539;Michel Böhm;Drukker;;Rotterdam
540;Cornelis de Witt (1696-1769) & Catharina Wilhelmina van den Honert;Bruidspaar;1718.0;
541;Gerard de Haan;Auteur;;
542;Jan Joostsz van Eik & Josina Terwen;Bruidspaar;1718.0;
543;Adriaan van Cattenburch;Auteur;;
544;Isaac Verburg;Auteur;;
545;Pieter van der Schelling;Auteur;;
546;Z.V.D.;Auteur;;
547;Sybrand Isaacsz Feitama;Auteur;;
548;Jean André Lentz & Hendrina Brandt;Bruidspaar;1718.0;
549;Isaac Lohoff & Wyna Johanna Ploos van Amstel;Bruidspaar;1718.0;
550;I. Ploos van Amstel;Auteur;;
551;Lambert van Laar;Auteur;;
552;Willem Kroon;Auteur;;
553;Joost Sasselee;Auteur;;
554;C.L.;Auteur;;
555;Abraham Fortgens & Catharina van Britten;Bruidspaar;1718.0;
556;Eduard van Nikkelen;Auteur;;
557;Fredrik Wilkens & Katharina Schalbruch;Bruidspaar;1718.0;
558;Justus van Lotten;Drukker;;Amsterdam
559;Johannes Esgers;Auteur;;
560;Willem van Boneval & Cornelia Overbeek;Bruidspaar;1718.0;
561;Tiberius Beeldsnyder Matroos & Alida Margareta Meyn;Bruidspaar;1718.0;
562;Michiel Bruiningh & Geertruida van Byland;Bruidspaar;1718.0;
563;Nicolaas Calff & Grietje Louwen;Bruidspaar;1718.0;
564;Cornelis Lely;Auteur;;
565;Jacobus van der Hoop & Catharina Hennebo;Bruidspaar;1718.0;
566;M.V.D.;Auteur;;
567;Gillis Buys & Cornelia van Veen;Bruidspaar;1718.0;
568;Jan Linklaan & Clementia Meerman;Bruidspaar;1718.0;
569;Jan Wybrandsz Sandwyk;Auteur;;
570;Johan van den Broucke;Auteur;;
571;Joan Suderman;Auteur;;
572;Frans Balde & Cornelia van Tarelink;Bruidspaar;1718.0;
573;Abraham Bruin & Debora van Vollenhoven;Bruidspaar;1718.0;
574;Jacob Alewyn (Jr) Ghysen & Perina Vorsterman;Bruidspaar;1719.0;
575;Tileman Tamé;Auteur;;
576;Andries Oudaen & Kornelia Messchaert;Bruidspaar;1719.0;
577;Hubert Kornelisz Poot;Auteur;;
578;Benjamin de Bruyn & Bartha Verdyk;Bruidspaar;1719.0;
579;Theodore de Bruyn;Auteur;;
580;Gabriel ten Cate & Magdalena Hobroek;Bruidspaar;1719.0;
581;Ignatius uyt den Eekhout & Louiza Hobroek;Bruidspaar;1719.0;
582;Jan van der Strengh & Maria Leydecker;Bruidspaar;1719.0;
583;Everhard François Schimmelpenning & Sara Du Try;Bruidspaar;1719.0;
584;Carel Johan Houttuyn;Auteur;;
585;François de Bruinne;Auteur;;
586;François Bruiningh & Kornelia van Tongeren;Bruidspaar;1719.0;
587;Joan Doornik;Auteur;;
588;Joan van Tongeren;Auteur;;
589;A. Bruiningh;Auteur;;
590;Abraham de Ridder & Johanna Magdalena van Dyk;Bruidspaar;1719.0;
591;Simon de Ridder;Auteur;;
592;Gerrit van Dulken;Auteur;;
593;Jan Verhoeve;Auteur;;
594;Mattheus de Jager & Catharina Calkoen;Bruidspaar;1719.0;
595;Hendrik Hooft & Margareta Willink;Bruidspaar;1719.0;
596;Jacob de Bruyn & Johanna van Neercassel;Bruidspaar;1719.0;
597;Benedictus van Ryneveld;Auteur;;
598;Enoch Krook;Auteur;;
599;Christoffel Six & Anna Jacoba van Vladeracken;Bruidspaar;1719.0;
600;Theodoor van Snakenburg & Rachel Wasteau;Bruidspaar;1719.0;
601;David van Royen;Auteur;;
602;Franciscus van Oudendorp;Auteur;;
603;Nicolaus Plemper;Auteur;;
604;F. Zoeten;Auteur;;
605;Joannes Fredericus Gronovius & Margareta Christina Trigland;Bruidspaar;1719.0;
606;Nikolaus de Bye & Elizabeth Anna Crommelin;Bruidspaar;1719.0;
607;Govert van Slingeland & Ernestina Geertruida de Beveren;Bruidspaar;1719.0;
608;Hendrik Hoofd & Margareta Willink;Bruidspaar;1719.0;
609;W. Buissand de Jonge;Auteur;;
610;Cornelis Izaaksz van den Bogaerd & Christina Willink;Bruidspaar;1720.0;
611;A. Izaaksz van den Bogaerd;Auteur;;
612;Kornelis van Koeverden;Auteur;;
613;Abraham Buyssant & Catharina Des Amorie;Bruidspaar;1720.0;
614;Jacobus Boutkan;Auteur;;
615;Govert van Mater;Auteur;;
616;Christiaan van der Meulen & Geertruid Des Amorie;Bruidspaar;1720.0;
617;Hermanus van (wed) Hulkenroy;Drukker;;Haarlem
618;Aegidius van Hoven;Auteur;;
619;Abraham van Loon;Auteur;;
620;P.V.Az;Auteur;;
621;Abraham de Neufville & Sara Blaaupot;Bruidspaar;1720.0;
622;Pieter Maiden & Elizabeth Seevenhuisen;Bruidspaar;1720.0;
623;Eduard van Nikkelen & Cornelia van Groeningen;Bruidspaar;1720.0;
624;D. van Nikkelen;Auteur;;
625;R. van Wiert;Auteur;;
626;Gerardus van Wiert;Auteur;;
627;J. Daams;Auteur;;
628;Huybert van Dam & Magtilda van der Keere;Bruidspaar;1720.0;
629;Jakob Schellinger;Auteur;;
630;David Hooghuysen;Auteur;;
631;Hendrik Hermansz & Maria Katharina Beck;Bruidspaar;1720.0;
632;F. Beck;Auteur;;
633;Adriaan Drabbe;Auteur;;
634;Hendrik Voorn & Christina Nunninck;Bruidspaar;1720.0;
635;J.H.G. B.M.;Auteur;;
636;Vincent P.H. Brouwer;Auteur;;
637;Hendrik van Halmael & Catrina van Boorn;Bruidspaar;1720.0;
638;Jacob (Jr) Verbeek & Lucia van Leuvenig;Bruidspaar;1720.0;
639;A. Verbeek;Auteur;;
640;I.F.A.Z.;Auteur;;
641;Jacob Schyn & Geertruida Heromans;Bruidspaar;1720.0;
642;Johan Hofman;Auteur;;
643;Jan Spiering;Auteur;;
644;Nicolaas van Loenen & Maria Craandyk;Bruidspaar;1720.0;
645;Justus de Veer & Catharina Bruynvis;Bruidspaar;1720.0;
646;Jan Meerman & Adriana van Santen;Bruidspaar;1720.0;
647;Dirk Smit & Catharina Wilkens;Bruidspaar;1720.0;
648;J. Wilkens;Auteur;;
649;Hendrik Wilkens;Auteur;;
650;F. Bormeester;Auteur;;
651;Willem baron van IV Liere & Louisa Isabella barones van Brakel;Bruidspaar;1720.0;
652;Gerard Le Maire;Auteur;;
653;A. Dekker;Auteur;;
654;M. Langevelt;Auteur;;
655;Abraham van Dooreslaer & Johanna Elisabeth van Arp;Bruidspaar;1720.0;
656;Jacobus Targier;Auteur;;
657;Abraham Gronovius & Dorothea Wynanda van Wyck;Bruidspaar;1720.0;
658;Mattheus de Jager & Antonia de Veer;Bruidspaar;1720.0;
659;Jan Petersen & Sara Michell;Bruidspaar;1720.0;
660;J. van Saen;Auteur;;
661;Joannes Michell;Auteur;;
662;Kornelis Backer & Margareete Bicker;Bruidspaar;1720.0;
663;Pieter van Schagen & Maria Couck;Bruidspaar;1721.0;
664;Malachias de La Vigne & Maria Okhuysen;Bruidspaar;1721.0;
665;Willem Barents;Auteur, Drukker;;Amsterdam
666;M. van Os;Auteur;;
667;J.S. Rosthuysen;Auteur;;
668;B. Spanseerder;Auteur;;
669;George Wetstein;Auteur;;
670;Adriaen Maten & Maria van Vollenhoven;Bruidspaar;1721.0;
671;J.V.M.;Auteur;;
672;Christiaan van Boneval & Anna Doornekroon;Bruidspaar;1721.0;
673;Johanna Catrina van Boneval;Auteur;;
674;Willem van Boneval;Auteur;;
675;Cornelia Overbeek;Auteur;;
676;Geertruij Sara van Boneval;Auteur;;
677;Ferdinandus van Boneval;Auteur;;
678;Jacob Jacobsz Ploos van Amstel & Sara Rothé;Bruidspaar;1721.0;
679;Isaac Lohoff;Auteur;;
680;C. Lohoff;Auteur;;
681;Abraham Des Amorie & Angelica Hugaert;Bruidspaar;1721.0;
682;Gijsbert Tysens;Auteur;;
683;Herman van Broyel & Anna Aletta Beck;Bruidspaar;1721.0;
684;Jan van Leeuwen;Auteur;;
685;Abraham van Broyel;Auteur;;
686;Jacobus (Jr) Barnaart & Maria Suzanna Witkops;Bruidspaar;1721.0;
687;Pieter (Jr) Merkman;Auteur;;
688;Thomas Babeling & Anna Louisa de Villers;Bruidspaar;1721.0;
689;Gijsbert van der J.D.M. Goot;Auteur;;
690;Elbert Clermont;Auteur;;
691;Harmanus Meyer;Auteur;;
692;C.V.H.G.;Auteur;;
693;Elias van Valencyn & Leonora Elisabeth Beck;Bruidspaar;1721.0;
694;C.N. van Valencyn;Auteur;;
695;A.V.B.;Auteur;;
696;Willem Jacobusz Kops & Maria Lintworm;Bruidspaar;1721.0;
697;J.V.P.;Auteur;;
698;Jacob George Roeters & Adriana van Buylaard;Bruidspaar;1721.0;
699;Willem Molenaar & Geertruid Heisterman;Bruidspaar;1721.0;
700;Nicolaas Potgieter;Drukker;;Amsterdam
701;I.Iz Heisterman;Auteur;;
702;Engelbert Clumper & Alida Maria van Dorsten;Bruidspaar;1721.0;
703;Dirk Clumper;Auteur;;
704;Pieter Muyser & Alida de Vries;Bruidspaar;1721.0;
705;François Straalman & Margareta Kops;Bruidspaar;1721.0;
706;Pieter Verduyn & Johanna van Leeuwen;Bruidspaar;1721.0;
707;Adriaan de Kramer;Auteur;;
708;Jan Koenerding & Adriana van Hoorn;Bruidspaar;1721.0;
709;Jan van Dinteren;Auteur;;
710;Hendrik (Jr) Graauwhart & Cornelia van Heule;Bruidspaar;1721.0;
711;Hendrik Graauwhart;Auteur;;
712;Raimond Backer & Christina de Munt;Bruidspaar;1721.0;
713;Nicolaas Sleght & Josina Edens;Bruidspaar;1721.0;
714;Laurens Arminius;Auteur;;
715;Wouter Peereboom;Auteur;;
716;Jan Wandelaar;Auteur;;
717;Jan Bogaert & Maria van Dyk;Bruidspaar;1721.0;
718;Lambert van den Broek;Auteur;;
719;Frederik Ottens & Debora Hogeboom;Bruidspaar;1721.0;
720;Samuel I Luchtmans & Kornelia van Musschenbroek;Bruidspaar;1721.0;
721;Jan Du Rieu & Johanna van Arrewyne;Bruidspaar;1721.0;
722;J.C. van Arrewyne;Auteur;;
723;Adriaan Clemens & Anthonia Solling;Bruidspaar;1721.0;
724;Reméus Willeboorts & Anna Stadnitski;Bruidspaar;1721.0;
725;Dirk van Beek;Auteur;;
726;Jacob van Veen & Geertruy Buys;Bruidspaar;1721.0;
727;Jan Egbertsz Buys;Auteur;;
728;H.v.H.;Auteur;;
729;D.v.H.;Auteur;;
730;Paulus Hendriksz Verryn & Elizabeth Lomannus;Bruidspaar;1721.0;
731;Jan Graswinckel & Johanna Graafland;Bruidspaar;1721.0;
732;Jan Egbertsz Buys & Catharina van Veen;Bruidspaar;1721.0;
733;Arent van Veen;Auteur;;
734;Fredrik de Bruyn;Auteur;;
735;Diderik Grommee & Geertruid de Villers;Bruidspaar;1721.0;
736;Gijsbert van der Goot;Auteur;;
737;Samuel Everwyn;Auteur;;
738;Joan Silvestersz van Tongeren & Wilhelmina Brigitta Roos;Bruidspaar;1722.0;
739;Matthys Vink & Cornelia van Steenhoolen;Bruidspaar;1722.0;
740;Cornelis Westerhout;Auteur;;
741;Reynier de Vries;Auteur;;
742;Johannes Thesingh & Anna Thesingh;Bruidspaar;1722.0;
743;Isaac Abrahamsz Delcourt & Elizabeth de Wolff;Bruidspaar;1722.0;
744;Joannes Sluyter;Auteur;;
745;J.D.C.F.;Auteur;;
746;Job Siewertsz Centen & Maria van Laar;Bruidspaar;1722.0;
747;A.B.A.;Auteur;;
748;C.D.M.;Auteur;;
749;Jacob Alewyn (Jr) Ghysen & Debora Blaaupot;Bruidspaar;1722.0;
750;Pieter Elias & Maria Philippina van Tongeren;Bruidspaar;1722.0;
751;Jan. van Vliet;Auteur;;
752;Cornelis Elbersz van Liesveld & Johanna van Dorssen;Bruidspaar;1722.0;
753;Robert Hennebo;Auteur;;
754;Jacob van Liesveld & Wynanda Hagen;Bruidspaar;1722.0;
755;Jacob van (Jr) Hoogveld & Katharina Schabaelje;Bruidspaar;1722.0;
756;J. Helgers;Auteur;;
757;Jan van Baalen & Anna Judith Scholten;Bruidspaar;1722.0;
758;Jan van Groeningen & Maria van Boorn;Bruidspaar;1722.0;
759;Dirk Hasselaer & Jacomina Scholvanger;Bruidspaar;1722.0;
760;Pieter van de Walle;Auteur;;
761;Joan Lucas Bouwens & Sara Cornelia van Marselis;Bruidspaar;1722.0;
762;J. Verhoek;Auteur;;
763;Joannes Reyniersz van den Broek;Auteur;;
764;Jacobus Fak & Maria Schyn;Bruidspaar;1722.0;
765;Albertus Schade & Catharina Maria Elders;Bruidspaar;1722.0;
766;K. van der Burgh;Auteur;;
767;Hubert van Rykevorsel & Johanna Vettekeuken;Bruidspaar;1722.0;
768;Pieter Froon & Margareta van Steenhoolen;Bruidspaar;1722.0;
769;Matthys Vink;Auteur;;
770;Cornelis van Steenhoolen;Auteur;;
771;Isaak Wurtz & Sara Emilia Dominicus;Bruidspaar;1722.0;
772;Nicolaus de la Bassecour;Auteur;;
773;Pieter Schrick & Margareta van Sadelhof;Bruidspaar;1722.0;
774;George Wetstein & Anna Otto;Bruidspaar;1723.0;
775;Wetstein;Drukker;;Amsterdam
776;J. Schoonhoven;Auteur;;
777;v.D.;Auteur;;
778;J.V.A.;Auteur;;
779;Willem van Swaanenburg;Auteur;;
780;Willem Hendrik Wetstein;Auteur;;
781;Willem van Karnebeek & Cornelia van den Bergh;Bruidspaar;1723.0;
782;Jacobus van der Strengh;Auteur;;
783;Isaak Angelkot & Maria Carlier;Bruidspaar;1723.0;
784;Joannes Graafman;Auteur;;
785;J.S.D.;Auteur;;
786;J.H.;Auteur;;
787;Jacob Hendrik Blydenberg & Wilmina van der Sluys;Bruidspaar;1723.0;
788;Dirk Dirkse Blom;Auteur;;
789;Lambertus Bondt & Anna Helena van der Sluys;Bruidspaar;1723.0;
790;Hendrik Bosch;Auteur, Drukker;;Amsterdam
791;Gulliam van der Sluys;Auteur;;
792;D. Dubourg;Auteur;;
793;Adrianus van Teems;Auteur;;
794;Jeronimus van Goor & Geertruda Kleene;Bruidspaar;1723.0;
795;D. Kleene;Auteur;;
796;Jacobus de George Swaan;Auteur;;
797;Wilhem van Lith & Sara Salome van Orsoy;Bruidspaar;1723.0;
798;Jan Arnold van Orsoy;Auteur;;
799;J.F. Wever;Auteur;;
800;Isaac van Ryneveld;Auteur;;
801;Abraham Titsingh;Auteur;;
802;Harmanus Meyer & Helena van Arrewyne;Bruidspaar;1723.0;
803;Johanna van Arrewyne;Auteur;;
804;Hendrik Smets;Auteur;;
805;Marten Smets;Auteur;;
806;Abraham Des Amorie & Clementia Sleght;Bruidspaar;1723.0;
807;Balthazar Lakeman;Drukker;;Amsterdam
808;Augustinus van Hoef & Alida Westerhout;Bruidspaar;1723.0;
809;Johannes Bellingwout;Auteur;;
810;Wilhelmus Pekstok & Flora Boots;Bruidspaar;1723.0;
811;J. Boots;Auteur;;
812;D. Boots;Auteur;;
813;Cornelis Vestenburgh & Margareta Hinke;Bruidspaar;1723.0;
814;Arnoldus Hinke;Auteur;;
815;Pieter Hinke;Auteur;;
816;Abraham van Ruster;Auteur;;
817;Jan Smedingh & Seytje van Horsten;Bruidspaar;1723.0;
818;Isaak de Neufville & Petronella de Neufville;Bruidspaar;1723.0;
819;Abraham Preyger & Catharina Elisabeth Jacobsen;Bruidspaar;1723.0;
820;Abraham de Haen;Auteur;;
821;Abraham Straalman & Elizabeth Rutgers;Bruidspaar;1723.0;
822;Gerrit van Ruster & Anna Maria van Wind;Bruidspaar;1723.0;
823;Jacobus de Vos & Katharina van de Ryp;Bruidspaar;1723.0;
824;Willem Feitama & Margareta de Haan;Bruidspaar;1723.0;
825;Jan Hagen & Seytje Dorlant;Bruidspaar;1723.0;
826;David Leeuw van Lennep & Hester Barnaart;Bruidspaar;1723.0;
827;Jan Outman & Oeda Goemaat;Bruidspaar;1723.0;
828;Paulus Poursoy & Maria Felbier;Bruidspaar;1723.0;
829;Anthony Timmerman & Cornelia van Hoek;Bruidspaar;1723.0;
830;Johannes Tideman;Auteur;;
831;Jakobus van der Hoeff & Margareta Heems;Bruidspaar;1723.0;
832;Cornelis van Arrewyne & Maria Beukelaar;Bruidspaar;1723.0;
833;Wessel van Neercassel & Cecilia de Mont;Bruidspaar;1723.0;
834;N. van Duyst;Auteur;;
835;Benedictus van L.R. Ryneveld;Auteur;;
836;A.T.;Auteur;;
837;Pieter Vermaten & Emmerentia Buys;Bruidspaar;1723.0;
838;Arnout de Bordes;Auteur;;
839;M.M. Wiel;Auteur;;
840;L.V.M.;Auteur;;
841;Jacob Cornelis van der Sluys & Anna Barta Blom;Bruidspaar;1723.0;
842;Pieter Scholten;Auteur;;
843;Jacob Sydervelt & Jacoba van Mollem;Bruidspaar;1723.0;
844;Eduard Sennepart;Auteur;;
845;Moses Giron;Auteur;;
846;Jacob Schyn & Gesina Verbeek;Bruidspaar;1724.0;
847;Marten Schagen;Auteur, Drukker;;
848;Abraham Barnaart & Engeltje van Hoven;Bruidspaar;1724.0;
849;Jan van der Leeden & Regina Putter;Bruidspaar;1724.0;
850;Jan T.S. Ys;Auteur;;
851;Hendrik Martyn & Hillegonda van Delden;Bruidspaar;1724.0;
852;Pieter Martyn;Auteur;;
853;Jan Ys;Auteur;;
854;Mathys Staats & Johanna Elisabeth Schutstal;Bruidspaar;1724.0;
855;Jan Schutstal;Auteur;;
856;Willem A.V. Barents;Auteur;;
857;Jacob Schuer;Auteur;;
858;Hubert Gregorius van Vryhoff;Auteur;;
859;Anthony van Oldenbarneveld & Maria Anna Marchand;Bruidspaar;1724.0;
860;Jacobus Blom;Auteur;;
861;Pieter Nessing;Auteur;;
862;Jan Nessing;Auteur;;
863;Johannes Lublink;Auteur;;
864;Jan Eldertsz van den Berg & Christina Outman;Bruidspaar;1724.0;
865;Teunis van Leeuwen & Jannetje Valentyn van Schoonwinkel;Bruidspaar;1724.0;
866;Johannes van Leeuwen;Drukker;;Amsterdam
867;Jean de La Haye & Louïse Marissal;Bruidspaar;1724.0;
868;Menno Nieuwouts;Auteur;;
869;D.C.;Auteur;;
870;Abraham Scherenberg & Johanna Dorothea d' Orville;Bruidspaar;1724.0;
871;Jacob Michielsz Elias;Auteur;;
872;Abraham Erbervelt & Cornelia Ploos van Amstel;Bruidspaar;1724.0;
873;Cornelis Jacob Ploos van Amstel;Auteur;;
874;B. Cornelisz Ploos van Amstel;Auteur;;
875;Jan Abrahamsz de Haan & Catharina de Haan;Bruidspaar;1724.0;
876;A.V.G.;Auteur;;
877;C.H.;Auteur;;
878;Terwen;Auteur;;
879;Johan Carstensz & Maria de Wilde;Bruidspaar;1724.0;
880;Sergius Bicker Swellengrebel;Auteur;;
881;Jacob Raye;Auteur;;
882;J.S. Donker;Auteur;;
883;Jacob Meinertzhagen & Sara Le Brun;Bruidspaar;1724.0;
884;Jacobus Jacobi Meinertzhagen;Auteur;;
885;Willem Butler & Maria Leeser;Bruidspaar;1724.0;
886;Martinus Petzold;Drukker;;Amsterdam
887;Jan Brandt (Jr);Auteur;;
888;Jacob Leeser;Auteur;;
889;N. van Schooten;Auteur;;
890;H. Oortman;Auteur;;
891;R. van Gelder;Auteur;;
892;Jan Adriaensz Blok & Katharina van Raad;Bruidspaar;1724.0;
893;R. Blok;Auteur;;
894;A. Adriaensz Blok;Auteur;;
895;P.V.G.;Auteur;;
896;Petrus Smids;Auteur;;
897;Willem de Witt & Maria Coster;Bruidspaar;1724.0;
898;Jacobus Verheyde;Drukker;;Amsterdam
899;J. de Witt;Auteur;;
900;Wynand Blaeupot & Sara Kops;Bruidspaar;1724.0;
901;Michiel van II Leeuwen;Auteur;;
902;Jacob van Varelen & Geertruyda de Beer;Bruidspaar;1724.0;
903;Petrus Smids & Margareta Engelbregt;Bruidspaar;1724.0;
904;A. Speelman;Auteur;;
905;D.G.;Auteur;;
906;Etienne Constantin Duclos de Somerij & Jacoba Clara Anna Elisabeth Clyburg;Bruidspaar;1724.0;
907;Jacob Clyburg;Auteur;;
908;Antoine Augustin Bruzen la Martiniere;Auteur;;
909;Moses van Eys & Petronella Anna van Veen;Bruidspaar;1724.0;
910;Abraham van Broyel & Anna Emmerentia Krab;Bruidspaar;1724.0;
911;P.C. Krab;Auteur;;
912;Herman van Broyel;Auteur;;
913;Paulus van den Ende & Debora Hendriksz Verryn;Bruidspaar;1724.0;
914;Petrus van Musschenbroek & Adriana van de Water;Bruidspaar;1724.0;
915;David Casparusz Raket & Hadewig Lulofs;Bruidspaar;1724.0;
916;I. G.V. Raket;Auteur;;
917;Henrick Raket;Auteur;;
918;Jacob Dirksz van Lennep & Susanna Catharina de Wolff;Bruidspaar;1724.0;
919;Josua van Huysum;Auteur;;
920;Philip Zweerts;Auteur;;
921;W.;Auteur;;
922;Willem van Gogh & Lucia Elisabeth Doornik;Bruidspaar;1724.0;
923;Gerrit van Gogh;Auteur;;
924;David Doornik;Auteur;;
925;Kornelis Jacobse Swart & Antonia Antonise van Teemst;Bruidspaar;1724.0;
926;Maria Fokke;Auteur;;
927;Johan Lodewyk Schuer & Agneta Pinart;Bruidspaar;1724.0;
928;Arnoldus Henricus Westerhovius;Auteur;;
929;Thomas Meyer & Johanna La Clé;Bruidspaar;1724.0;
930;Isaac Sweers (Jr);Auteur;;
931;Leendert Jansz de Neufville & Agneta de Wolff;Bruidspaar;1724.0;
932;T.O.;Auteur;;
933;Lucas Bardon & Anna Groenewoud;Bruidspaar;1725.0;
934;Aarnout Aarnoutsz Clignet & Katharina Gasparine van der Meulen;Bruidspaar;1725.0;
935;Philadelphus;Auteur;;
936;A.S.;Auteur;;
937;Hendrik Stadlander & Emelia van Vollenhoven;Bruidspaar;1725.0;
938;Jan Buyssant & Geertruyd Vergoes;Bruidspaar;1725.0;
939;Anthony Hoorens;Drukker;;Haarlem
940;Joan Nicolaasz Marcus & Dorothea Goltz;Bruidspaar;1725.0;
941;Joannes II Kannewet;Drukker;;Amsterdam
942;Gerardus Wilhelmus Goltz;Auteur;;
943;A.W. Marcus;Auteur;;
944;Jan van den Bergh & Wyntje Daam;Bruidspaar;1725.0;
945;Jan Mol;Auteur;;
946;Gerrit van der Veer;Auteur;;
947;J.M.;Auteur;;
948;Jan Boonen & Catharina Schutte;Bruidspaar;1725.0;
949;Hendrik Schutte;Auteur;;
950;Pieter Broes;Auteur;;
951;N.V.L.;Auteur;;
952;Gerrit Bruin;Auteur;;
953;Jan van Bremen & Anna Moubach;Bruidspaar;1725.0;
954;Abraham Moubach;Auteur;;
955;Pieter de Nes & Josina Centen;Bruidspaar;1725.0;
956;Jan (Jr) Brandt & Maria Lups;Bruidspaar;1725.0;
957;Jacob Brandt;Auteur;;
958;Jean Lanting;Auteur;;
959;Willem Butler;Auteur;;
960;J.B.;Auteur;;
961;Willem van Dyk & Hendrina Brandt;Bruidspaar;1725.0;
962;Juriaan van Dyk;Auteur;;
963;Regnerus van Dyk;Auteur;;
964;J.G. Stierlin;Auteur;;
965;Hermanus Smit & Engelina Maria Geelmuyden;Bruidspaar;1725.0;
966;Johannes I Strander;Drukker;;Amsterdam
967;C. Smit;Auteur;;
968;Willem Boeken;Auteur;;
969;Johannes Smit;Auteur;;
970;Balthazar Nolthenius & Johanna Boel;Bruidspaar;1725.0;
971;Catharina Oillaarts;Auteur;;
972;Hendrik Hendriksz Boel;Auteur;;
973;Jan Isaac Robidé;Auteur;;
974;S. van de Velde;Auteur;;
975;Jan Melchiorsz van den Bosch;Auteur;;
976;Bernardus van Gerrevink;Auteur;;
977;Hendrik Hendriksz Boel & Cornelia van Leeuwen;Bruidspaar;1725.0;
978;Adrianus Molengraaf;Auteur;;
979;Willem van Doorn;Auteur;;
980;Balthazar Nolthenius;Auteur;;
981;Fredrik Duim;Auteur;;
982;Joannes (Jr) Linklaan & Anna Rentink;Bruidspaar;1725.0;
983;Helena Linklaan;Auteur;;
984;Wynant Linklaan;Auteur;;
985;Pieter La Clé & Johanna Lulofs;Bruidspaar;1725.0;
986;Jan van Leeuwen & Helena Claver;Bruidspaar;1725.0;
987;Jan van Cralingen;Auteur;;
988;Hermanus van Reyneveld;Auteur;;
989;Assuerus Issendorp & Johanna Graan;Bruidspaar;1725.0;
990;F.G.;Auteur;;
991;I.I.D. Issendorp;Auteur;;
992;Thomas de Vogel & Elisabeth Bosch;Bruidspaar;1725.0;
993;Daniël Adrianus Beukelaar & Anna Alida Pott;Bruidspaar;1725.0;
994;David van Royen (1699-1764) & Catharina van den Bergh;Bruidspaar;1725.0;
995;Adrianus van Royen;Auteur;;
996;Johannes Schroder;Auteur;;
997;Michaël Smith & Sara Clemens;Bruidspaar;1725.0;
998;T.H.;Auteur;;
999;Willem van Brienen & Anna de Jongh;Bruidspaar;1725.0;
1000;Jan Hendriksz Waliën & Geertruit Eppenhof;Bruidspaar;1726.0;
1001;J. Waliën;Auteur;;
1002;F.R.;Auteur;;
1003;Hieronimus Slicher & Catharina Cornelia Temminck;Bruidspaar;1726.0;
1004;Egbert de Vry Temminck;Auteur;;
1005;Willem Blaauw & Johanna Schoemaker;Bruidspaar;1726.0;
1006;Jan Abraham Willink;Auteur;;
1007;Hendrik (Jr) Graauwhart & Anna Catharina Meysenheym;Bruidspaar;1726.0;
1008;Hendrik (Jr) Meysenheym;Auteur;;
1009;Johan van Sypesteyn;Auteur;;
1010;J.F.L.;Auteur;;
1011;Nicolaas Capelle;Auteur;;
1012;Andries van Schaeck & Katharina Haak;Bruidspaar;1726.0;
1013;Abraham Twartt & Anna Langeraat;Bruidspaar;1726.0;
1014;Johannes van Septeren;Auteur, Drukker;;Amsterdam
1015;Johannes Bremer & Katharina van der Hoeff;Bruidspaar;1726.0;
1016;Jan Spiering & Christina van Leeuwen;Bruidspaar;1726.0;
1017;Stephanus Spiering;Auteur;;
1018;M.L.V.;Auteur;;
1019;Matthys Beuning & Christina Luyken;Bruidspaar;1726.0;
1020;Antonius de Lanoy;Auteur;;
1021;Franciscus van Oudendorp & Sara Torrenius;Bruidspaar;1726.0;
1022;Jacobus Philippus d' Orville;Auteur;;
1023;Petrus d' Orville;Auteur;;
1024;Theodorus Haganaeus;Auteur;;
1025;Willem Ostens;Auteur;;
1026;F. Roswinkel;Auteur;;
1027;Jan van Vollenhoven & Anna Brunink;Bruidspaar;1726.0;
1028;D.R.;Auteur;;
1029;Jan (Jr) Wenkink & Belia van Nuld;Bruidspaar;1727.0;
1030;Paulus Jansz Wenkink;Auteur;;
1031;P.R.D.;Auteur;;
1032;Jacob Brandt & Maria Geertruid Beudeker;Bruidspaar;1727.0;
1033;Jan Cloppenburg;Auteur;;
1034;Mathys Romswinckel & Constantia Elout;Bruidspaar;1727.0;
1035;G.V.L.;Auteur;;
1036;Isaak Muyssart & Clara Hillegonda van Collen;Bruidspaar;1727.0;
1037;Jacob Hagen & Hester Emerentia Kruydenier;Bruidspaar;1727.0;
1038;Claas Kruydenier;Auteur;;
1039;Jacobus van der Strengh & Sara Goris;Bruidspaar;1727.0;
1040;J.W. Hazebroek;Auteur;;
1041;Cornelis van der Strengh;Auteur;;
1042;Leonard Goris;Auteur;;
1043;Jan Claus & Anna Maria Haasbaart;Bruidspaar;1727.0;
1044;Warner Lulofs;Auteur;;
1045;Magdalena Lulofs geb. Claus;Auteur;;
1046;Hendrick van der Pals;Auteur;;
1047;Anna Maria van der Pals geb. Lulofs;Auteur;;
1048;Jan (Jr.) Claus;Auteur;;
1049;Elisabet Claus;Auteur;;
1050;Joan Wilhelm Claus van Laar;Auteur;;
1051;S. Claus van Laar;Auteur;;
1052;Simon Doekes;Auteur;;
1053;Jan de Witt;Auteur;;
1054;Warner Doekes;Auteur;;
1055;Josua Ottens & Johanna Jacoba de Lint;Bruidspaar;1727.0;
1056;Casparus Henricus van Heimenberg;Auteur;;
1057;Abraham de Haen (1707-1748);Auteur;;
1058;Hendrik Post;Auteur;;
1059;Petrus d' Orville & Maria Jacoba de Bruyn;Bruidspaar;1727.0;
1060;Jacobus Philippus d'Orville;Auteur;;
1061;Hendrik Timmerman & Johanna Amsterdam;Bruidspaar;1727.0;
1062;Frans Robidé;Auteur;;
1063;Willem Hendrik Schlosser & Maria Petronella Beeldsnijder;Bruidspaar;1727.0;
1064;L.V.J.J.;Auteur;;
1065;W.M.;Auteur;;
1066;Petrus Nahuys & Johanna Louiza Couck;Bruidspaar;1728.0;
1067;Albertus Lyklama à Nijeholt;Auteur;;
1068;Pieter Leendert de Neufville & Catharina de Wolff;Bruidspaar;1728.0;
1069;Cornelis Lelivelt;Auteur, Drukker;;Amsterdam
1070;Daniel Des Ruelles & Margareta Johanna Vederman;Bruidspaar;1728.0;
1071;Gerbrand Vederman;Auteur;;
1072;C. Vederman;Auteur;;
1073;Ferdinand van Collen (1708-1789) & Juliana Helena Muyssart;Bruidspaar;1728.0;
1074;Rutgerus Braamcamp & Jacoba Francisca van Malsen;Bruidspaar;1728.0;
1075;Gerrit W.K.L.T. Braamcamp;Auteur;;
1076;Pieter Teyler van der Hulst & Helena Wynands Verschaave;Bruidspaar;1728.0;
1077;Jan Olthoff;Auteur;;
1078;Govert Klinkhamer;Auteur;;
1079;Pieter (Jr) Merkman & Anna Katharina Kimmel;Bruidspaar;1728.0;
1080;Pieter Merkman (Jr);Auteur;;
1081;Pieter Matthias Bartels & Petronella Elizabeth van Uchelen;Bruidspaar;1728.0;
1082;Toussaint A.M.D.R.;Auteur;;
1083;Guiliam F.K. Domis;Auteur;;
1084;Cornelis van der Strengh & Hillegonda Duyf;Bruidspaar;1729.0;
1085;Gerrit Bouman;Auteur, Drukker;;Amsterdam
1086;Adriaan Jacobsz van Ommering;Auteur;;
1087;Johannes Meyer;Auteur;;
1088;Jan Joostsz van Eik & Leonora de Vogel;Bruidspaar;1729.0;
1089;Wilhem Suderman;Auteur;;
1090;Pieter Klinkert;Auteur;;
1091;Abraham Meylincq;Auteur;;
1092;Bernardus de Bosch;Auteur;;
1093;Jan Held & Sofia van Laar;Bruidspaar;1729.0;
1094;Isaäk Buissant & Petronella Heems;Bruidspaar;1729.0;
1095;Willem Buissant;Auteur;;
1096;Abraham Heems;Auteur;;
1097;Pieter van Nieuwersluys & Ursula Terwen;Bruidspaar;1729.0;
1098;Jan T.S. Terwen;Auteur;;
1099;Gerard Vygh & Margareta Kops;Bruidspaar;1729.0;
1100;Petrus Smidt;Auteur;;
1101;Egbert de Vry Temminck & Margareta Temminck;Bruidspaar;1729.0;
1102;François Brouwerius & Maria Halma;Bruidspaar;1729.0;
1103;Volkert van Koopstadt & Katharina Pott;Bruidspaar;1729.0;
1104;Jan Terwen;Auteur;;
1105;Stephanus Spiering & Maria Kox;Bruidspaar;1729.0;
1106;W.S.V.W.;Auteur;;
1107;Iperus Ameland & Helena van der Linde;Bruidspaar;1729.0;
1108;R. van der Linde;Auteur;;
1109;Barnardus de Reus & Maria Groenewoud;Bruidspaar;1729.0;
1110;Abraham Gallé & Helena van Aalst;Bruidspaar;1729.0;
1111;Koenraad Groenewoud & Joanna Hilverdink;Bruidspaar;1729.0;
1112;T. Selgersma;Auteur;;
1113;Tobias Schryver & Rebekka Nieuwenhuis;Bruidspaar;1729.0;
1114;Adriaan Verduyn & Catharina Bakker;Bruidspaar;1729.0;
1115;Pierre de Campdomerc;Auteur;;
1116;J.J. de Campdomerc;Auteur;;
1117;J.C.;Auteur;;
1118;Joannes Fredericus Gronovius & Joanna Suzanna Alensoon;Bruidspaar;1729.0;
1119;Christiaan Steenberg & Johanna Westerhout;Bruidspaar;1729.0;
1120;Isaac S.W.B. Boonen;Auteur;;
1121;Arnold Boonen;Auteur;;
1122;Aernoud Revius & Sibilla Clasina Oosterwyk;Bruidspaar;1730.0;
1123;L.P.;Auteur;;
1124;Abraham van Ruster & Catharina van den Bergh;Bruidspaar;1730.0;
1125;Adriaan Jacobsz van Ommering & Maria Louff;Bruidspaar;1730.0;
1126;Hendrik Stockinck;Auteur, Drukker;;Amsterdam
1127;Jan Jacobsz van Ommering;Auteur;;
1128;Jacobus Jacobsz van Ommering;Auteur;;
1129;Jacob Terwen & Suzanna Wynands;Bruidspaar;1730.0;
1130;Nicolaas Verheyde;Auteur;;
1131;Izaak Hope & Maria van Vlierden;Bruidspaar;1730.0;
1132;Arnold Willis;Auteur, Drukker;;Rotterdam
1133;Nikolaes Versteeg;Auteur;;
1134;A.H.;Auteur;;
1135;Pieter Pietersz de Wolf & Ursula van Meekeren;Bruidspaar;1730.0;
1136;Isaak Beukelaar & Cornelia Snappers;Bruidspaar;1730.0;
1137;Egidius Beukelaar;Auteur;;
1138;Johannes Beukelaar;Auteur;;
1139;C.V.A.;Auteur;;
1140;Geertruid Beukelaar;Auteur;;
1141;Anna Catharina Beukelaar;Auteur;;
1142;Helena Maria Beukelaar;Auteur;;
1143;Willem van Vollenhoven & Catharina Wilhelmina Brunink;Bruidspaar;1730.0;
1144;Jan Sandyk & Maria Catharina Baalde;Bruidspaar;1730.0;
1145;Cornelis Bouquet & Petronella Uytwerf;Bruidspaar;1730.0;
1146;Theodoor van Snakenburg & Friderica Albinus;Bruidspaar;1731.0;
1147;Hendrik Schim;Auteur;;
1148;Jacob Hoofman & Margareta Heems;Bruidspaar;1731.0;
1149;Geertruyd van Kessel;Drukker;;Haarlem
1150;Johan Graafland (1697-1767) & Catharina van Aferen;Bruidspaar;1731.0;
1151;David Ruarus;Drukker;;Amsterdam
1152;Jan Balde;Auteur;;
1153;Albertus Hodshon & Johanna van der Hoeff;Bruidspaar;1731.0;
1154;Abraham Masurel & Anna Catharina Koop van Groen;Bruidspaar;1731.0;
1155;Harmanus Koster & Clasina Post;Bruidspaar;1731.0;
1156;Izaäk van Westerkappel & Maria Koster;Bruidspaar;1731.0;
1157;Johannes Meyer & Clara Bel;Bruidspaar;1732.0;
1158;Magdalena Reen geb. Pollius;Auteur;;
1159;A. Grendel;Auteur;;
1160;Lucas Pater;Auteur;;
1161;Jacobus Issendorp & Johanna Hartwyk;Bruidspaar;1732.0;
1162;Hendrina Hartwyk;Auteur;;
1163;Jurian Hartwyk;Auteur;;
1164;Jacob Kinkeed & Agneta Cobbe;Bruidspaar;1732.0;
1165;Petrus Cobbe;Auteur;;
1166;H. Wesselink;Auteur;;
1167;Jacobus Philippus d' Orville & Elizabeth Maria van Ryn;Bruidspaar;1732.0;
1168;Carolus van Heusden;Auteur;;
1169;Antoni Warin;Auteur;;
1170;Pieter Kinkeed & Johanna Françoise Oosterwyk;Bruidspaar;1733.0;
1171;Abraham de Haen (1707-1748) & Katharina van Hoek;Bruidspaar;1734.0;
1172;Evert Claver & Magdalena Lulofs;Bruidspaar;1734.0;
1173;Helena Claver;Auteur;;
1174;Jannetje Claver;Auteur;;
1175;Willem Hiddinck;Auteur;;
1176;Arnold Boonen & Johanna Beun;Bruidspaar;1734.0;
1177;Gerard Clemens;Auteur;;
1178;Jan van der Souw;Auteur;;
1179;Isaac Boonen;Auteur;;
1180;Jacob Nebbens;Auteur;;
1181;Jan de Marre;Auteur;;
1182;Jan Luyken;Auteur;;
1183;Adrianus van Royen & Adriana Johanna Wesselius;Bruidspaar;1734.0;
1184;Herman Boerhaave;Auteur;;
1185;Arent van Dalen & Katarina de Remaux;Bruidspaar;1735.0;
1186;Pieter Fontein & Jozina Stol;Bruidspaar;1736.0;
1187;Dirk Smits;Auteur;;
1188;Josua van der Poorten;Auteur;;
1189;A. van Vollenhoven;Auteur;;
1190;Arnout Wilhemsz van Citters & Sara Jacoba Ockersse;Bruidspaar;1737.0;
1191;Gerrit Tielenburg;Drukker;;Amsterdam
1192;Matheus de Ruuscher;Auteur;;
1193;Jan Backer & Anna Katharina ten Grootenhuis;Bruidspaar;1737.0;
1194;Jacob Sydervelt & Maria van Oosterwyk;Bruidspaar;1738.0;
1195;Willem Munter & Catharina Cornelia Backer;Bruidspaar;1739.0;
1196;Jacob Fabrice Burman & Anna van der Strengh;Bruidspaar;1740.0;
1197;Louis Philippe Serrurier;Auteur;;
1198;Theodorus Paludanus;Auteur;;
1199;Dirk Willink;Auteur;;
1200;Josua van der Poorten & Hillegonda Josina van Eik;Bruidspaar;1740.0;
1201;Justus van Maurik;Auteur;;
1202;Gerard Westerwyk;Auteur;;
1203;Jan van Wylik;Auteur;;
1204;Simon d'Amour;Auteur;;
1205;Frans de Haes (1708-1761);Auteur;;
1206;A. Blok;Auteur;;
1207;Gerrit Blaaupot;Auteur;;
1208;Abraham Suderman;Auteur;;
1209;Matthijs Straalman;Auteur;;
1210;E.C.;Auteur;;
1211;Frans van Steenwyk;Auteur;;
1212;Abraham de (1707-1748) Haen;Auteur;;
1213;F.B.S.;Auteur;;
1214;Andries Oortman & Anna Hooft;Bruidspaar;1741.0;
1215;Isaak Tirion;Drukker;;Amsterdam
1216;Johannes Fredericus Reitz;Auteur;;
1217;Abraham Westerhoff;Auteur;;
1218;Pieter Dionysz Oortman;Auteur;;
1219;H.V.;Auteur;;
1220;Justus van Maurik & Francina Teyler;Bruidspaar;1741.0;
1221;Christina Leonora de Neufville;Auteur;;
1222;Frans de Haes;Auteur;;
1223;Jakob Kortebrant;Auteur;;
1224;Anthony Jacob Bierens;Auteur;;
1225;Adriaan Du Val & Helena Arendina van der Kars;Bruidspaar;1742.0;
1226;Antonius Faber;Auteur;;
1227;Kornelis Trioen;Auteur;;
1228;Thomas Mess;Auteur;;
1229;Servatius van de Coppello;Auteur;;
1230;Anna Agneta Trioen;Auteur;;
1231;Jan Mannoury & Maria Bruynenburgh;Bruidspaar;1742.0;
1232;D. Heerde;Auteur;;
1233;Anthony Bartelink;Auteur;;
1234;Pieter van Schuylenburch & Maria Machteld van Sypesteyn;Bruidspaar;1743.0;
1235;Jan Bosch;Auteur, Drukker;;Haarlem
1236;Jan S.H.R. Bosch;Auteur;;
1237;Jan Hondius;Auteur;;
1238;Abraham van Beaumont;Auteur;;
1239;Albert van Meurs & Anna van Swanenburg;Bruidspaar;1744.0;
1240;Gerard Hugaert & Femina Heems;Bruidspaar;1745.0;
1241;Femina Heems;Auteur;;
1242;Jacob Hoofman;Auteur;;
1243;Willem Philipsz Kops;Auteur;;
1244;Samuel I Luchtmans & Cornelia van Musschenbroek;Bruidspaar;1746.0;
1245;Samuel II Luchtmans;Auteur;;
1246;Johannes Luchtmans;Auteur;;
1247;Johanna Katharina Luchtmans;Auteur;;
1248;Pieter Luchtmans;Auteur;;
1249;Kornelia Luchtmans;Auteur;;
1250;Johan van Loon & Maria Backer;Bruidspaar;1746.0;
1251;Mattheus Willem van Valkenburg & Christina Wynanda Le Leu de Wilhem;Bruidspaar;1747.0;
1252;Hermannus Joannes Egberts;Auteur;;
1253;Mauritius Willem Le Leu de Wilhem;Auteur;;
1254;A. Pietersz Reuvens;Auteur;;
1255;Hermannus van Alphen & Maria van Musschenbroek;Bruidspaar;1748.0;
1256;Harmanus Asschenbergh & Gozewina Mulders;Bruidspaar;1749.0;
1257;Pieter Meyer;Auteur, Drukker;;Amsterdam
1258;Harmanus Asschenbergh;Auteur;;
1259;Aart Asschenbergh;Auteur;;
1260;Jacob Hulk;Auteur;;
1261;Pieter Huisinga Bakker;Auteur;;
1262;Kornelis Elzevier;Auteur;;
1263;Jacob Lutkeman;Auteur;;
1264;Jan de Timmerman;Auteur;;
1265;Jan de Kruyff & Anna Wibrandina Tiboel;Bruidspaar;1750.0;
1266;Ernst Willem Higt;Auteur;;
1267;Wilhelm Musketier;Auteur;;
1268;Jan Althuysen;Auteur;;
1269;Fredrik Dirk de Ram & Willemina van den Bergh;Bruidspaar;1751.0;
1270;De Broen;Drukker;;Amsterdam
1271;Gerred de II Broen;Auteur;;
1272;J.O. van den Bergh;Auteur;;
1273;L.J. de Ram;Auteur;;
1274;E. van den Bergh;Auteur;;
1275;Jan Wils;Auteur;;
1276;Willem Sobbe;Auteur;;
1277;J.L.;Auteur;;
1278;Joannes Badon;Auteur;;
1279;Jan Six (1730-1779) & Susanna Catharina Bors van Waveren;Bruidspaar;1751.0;
1280;Salomon Schouten;Drukker;;Amsterdam
1281;Jan Pieter Theodoor Huydecoper;Auteur;;
1282;Joan Andriesz Calkoen;Auteur;;
1283;François Lentfrinck;Auteur;;
1284;Jan van Dyk;Auteur;;
1285;Willem Philipsz Kops & Catharina van Vollenhoven;Bruidspaar;1752.0;
1286;Anthony Hartsen;Auteur;;
1287;Jan van Varelen;Auteur;;
1288;Lucretia Wilhelmina van Merken;Auteur;;
1289;Philip Kops & Hester Barnaart;Bruidspaar;1755.0;
1290;Willem Kops;Auteur;;
1291;Paulus Timmerman & Magdalena Camp;Bruidspaar;1614.0;
1292;Paulus Aertsz van Ravesteyn;Drukker;;Amsterdam
1293;Jeremias Plancius & Elisabet de Marez;Bruidspaar;1615.0;
1294;D. Plancius;Auteur;;
1295;H. Vogelius;Auteur;;
1296;Daniel Mostart;Auteur;;
1297;Rombout Jacobsen & Hillegonda van Baesdorp;Bruidspaar;1616.0;
1298;Hans Martens & Angnita Jansd Engels;Bruidspaar;1616.0;
1299;Mathaeus Cleinaert & Eerlant Lambert;Bruidspaar;1616.0;
1300;Henricus Velthusius;Auteur;;
1301;Cornelis van Coeschot & Catarina van Gisselen;Bruidspaar;1616.0;
1302;Bartholomeus van Mildert & Elizabeth Flores;Bruidspaar;1616.0;
1303;Abraham van Mildert;Auteur;;
1304;Hendrick Martens & Anneken Jansd;Bruidspaar;1616.0;
1305;Gerrit Martens;Auteur;;
1306;Quintyn Claesz Delleman & Lucretia Sluyters;Bruidspaar;1617.0;
1307;Govert Boelisz & Margrieta Adriaens;Bruidspaar;1617.0;
1308;Jacobus van Cralingen & Magdalena van Soest;Bruidspaar;1617.0;
1309;I. Striemes;Auteur;;
1310;Meynert van Buren & Diewer Jacobs;Bruidspaar;1617.0;
1311;Meynert Pietersz Voskuyl;Auteur;;
1312;Abraham Maior & Martyntjen Harmans;Bruidspaar;1617.0;
1313;Hendrick Evertsz Paes & Katharina de Harduyn;Bruidspaar;1617.0;
1314;Anthonius van Hede & Margarita van Halewyn;Bruidspaar;1618.0;
1315;Daniel Martens & Geertruda Hem;Bruidspaar;1618.0;
1316;Cornelis Kanter & Elisabet Lamberts;Bruidspaar;1618.0;
1317;Theodoor Rodenburg;Auteur;;
1318;Cornelis Dieryckz & Magdalena Ruts;Bruidspaar;1618.0;
1319;Pieter Benoyt & Anna de Marez;Bruidspaar;1618.0;
1320;Gerbrant Adriaensz Brederode;Auteur;;
1321;Dieryck Ysbrantsz Rodenburg & Catharina Boelen;Bruidspaar;1618.0;
1322;Peter Le Febvre & Nicole Wymer;Bruidspaar;1618.0;
1323;Gysbert Coning & Aefken Jans;Bruidspaar;1618.0;
1324;Daniel Vorstens & Cornelia Michielsd;Bruidspaar;1618.0;
1325;Nicolaas Jans & Margareta Stoffels;Bruidspaar;1618.0;
1326;Hendrick van Dortmont & Catarina Assenborghs;Bruidspaar;1618.0;
1327;Joannes Roelants;Auteur;;
1328;Caspar Celos & Helena Spees;Bruidspaar;1618.0;
1329;Justus Coppier & Jacoba van Teylingen;Bruidspaar;1618.0;
1330;Anthoni Aertsz & Hillegont Laurensd;Bruidspaar;1618.0;
1331;Lucas van Valckenburgh & Susanna Coeymans;Bruidspaar;1619.0;
1332;Jan Jacobsz Kan & Elizabeth Pieters Krabbemoers;Bruidspaar;1619.0;
1333;Dirck Pietersz Brugman & Geertruyd Hermans Overwater;Bruidspaar;1619.0;
1334;Jacob Jansz Colevelt;Auteur;;
1335;J. Coevershof;Auteur;;
1336;Joannes Boddens & Susanna Rudts;Bruidspaar;1619.0;
1337;Jean Klocker & Maria Drumez;Bruidspaar;1619.0;
1338;Jan Jacobsz. Kan & Elisabeth Pieters Krabbemoers;Bruidspaar;1619.0;
1339;Joan Vernat & Sara van Gheel;Bruidspaar;1620.0;
1340;Jaques Jacobsz Rombouts & Maria Françoisd Du Gardyn;Bruidspaar;1621.0;
1341;Burgert van der Wael;Auteur;;
1342;Emanuel Colijn de Thovoyon & Catharina Cloppenburg;Bruidspaar;1622.0;
1343;Jan Jansz van Geel & Elisabeth Lampsius;Bruidspaar;1623.0;
1344;Jaques Jacobsz Rombouts;Auteur;;
1345;Alard Krombalck & Maria Tesselschade Roemers Visscher;Bruidspaar;1623.0;
1346;Joost van den Vondel;Auteur;;
1347;Christiaen Bochellion & Catharina de Wulf;Bruidspaar;1624.0;
1348;Cornelis Leendertsz Keyser & Hillegont Menten;Bruidspaar;1626.0;
1349;C.A. Keyser;Auteur;;
1350;Abraham Heydanus & Sara Looten;Bruidspaar;1627.0;
1351;Johannes H.A. Heydanus;Auteur;;
1352;Barend Lampe & Maria van Ravesteyn;Bruidspaar;1629.0;
1353;Henricus Geldorpius & Cornelia Elberts Pool;Bruidspaar;1631.0;
1354;Tobias Gutberleth;Auteur;;
1355;Johannes Gerhardia Besten;Auteur;;
1356;Arent Arentsz Haeck & Aeltjen Willems van Sengwerdt;Bruidspaar;1632.0;
1357;Arnoldus van G.D. Sengwerdt;Auteur;;
1358;Willem van Weely & Anna ten Hoof;Bruidspaar;1634.0;
1359;Jan van Arp;Auteur;;
1360;Hendrick Meurs & Judith Kotermans;Bruidspaar;1635.0;
1361;A. de Brull;Auteur;;
1362;Franciscus Sylvius & Anna de Linge;Bruidspaar;1649.0;
1363;Jacob Heyblocq & Maria de Lange;Bruidspaar;1650.0;
1364;Job van Meekeren;Auteur;;
1365;Gillis van Dulken & Janneken de Buus;Bruidspaar;1651.0;
1366;Jacob Steendam;Auteur;;
1367;Adriaen van Diephout & Anna Take;Bruidspaar;1674.0;
1368;Jacob Wijbrantsz Schaaf & Sara Leenderts van der Styl;Bruidspaar;1675.0;
1369;Bartholomeus van Gent;Auteur;;
1370;Pieter Haak van Hoven & Margareta Tael;Bruidspaar;1677.0;
1371;Tobias Slagregen & Johanna van Westerhoven;Bruidspaar;1678.0;
1372;Abraham Vederman & Ida Gravius;Bruidspaar;1678.0;
1373;Joannes Witma;Auteur;;
1374;Temotheus van Rofhuizen & Maria Bloodts;Bruidspaar;1679.0;
1375;Reiner Gysbertsz Fontein & Ybeltje Hermans Nauta;Bruidspaar;1680.0;
1376;Joannes de Komans Canjoncle;Auteur;;
1377;Gerard van Oosten & Anna Catharina Luyken;Bruidspaar;1681.0;
1378;Samuel Bosch;Auteur;;
1379;Pieter de Wit & Magdaleene van Damme;Bruidspaar;1682.0;
1380;Jacobus van Santen;Auteur;;
1381;Jan de Wys & Catharina van Os;Bruidspaar;1683.0;
1382;Sybrand Feitama;Auteur;;
1383;Harmannus Amya & Catharina de Vogelaar;Bruidspaar;1683.0;
1384;Michiel Elias;Auteur;;
1385;David Lingelbach;Auteur;;
1386;C. van Ditsom;Auteur;;
1387;M. Adriaensz Gevelman;Auteur;;
1388;J. van Geleyn;Auteur;;
1389;Thomas Arendsz;Auteur;;
1390;Josua Eyssen & Anna Elisabeth Coster;Bruidspaar;1684.0;
1391;D. Coster;Auteur;;
1392;Nicolaas Corver & Agneta Hasselaer;Bruidspaar;1685.0;
1393;Hieronimus Terwe & Maria van de Ryp;Bruidspaar;1685.0;
1394;Daniel Doornick & Elizabeth Heynen;Bruidspaar;1687.0;
1395;C. Hoogendorp;Auteur;;
1396;Joost Hoofman & Sara van Amerongen;Bruidspaar;1688.0;
1397;Elizabeth Hoofman;Auteur;;
1398;Cornelis van Walre & Cornelia van Beusecom;Bruidspaar;1689.0;
1399;Joan van Vollenhove & Maria Palm;Bruidspaar;1690.0;
1400;Nicolaas Le Seutre & Geertruyd Out;Bruidspaar;1690.0;
1401;N.D. Beths;Auteur;;
1402;Johannes (Jr) Bredenburg;Auteur;;
1403;Joan van Norden & Arlandyne van Hoorn;Bruidspaar;1691.0;
1404;Antony Tael & Brechtland Brasser;Bruidspaar;1691.0;
1405;Dirk Buisero;Auteur;;
1406;Elias Teyler de Vlieger;Auteur;;
1407;Huibert van Speek & Elizabet Vollenhove;Bruidspaar;1692.0;
1408;J. Carel;Auteur;;
1409;A.V.H.;Auteur;;
1410;Jacob van Mollem & Maria Zydervelt;Bruidspaar;1692.0;
1411;Joan Elias Huidekooper & Agatha Hasselaar;Bruidspaar;1692.0;
1412;Jean Linnich & Anna van Leuvenich;Bruidspaar;1693.0;
1413;W.L. van Coppenol;Auteur;;
1414;Antoni Rutgers & Maria Rutgers;Bruidspaar;1694.0;
1415;Johannes Popta & Anna Timmermans;Bruidspaar;1694.0;
1416;Jan Wolphertz & Catrina de Regt;Bruidspaar;1694.0;
1417;Joan Teyler & Maria van Geleyn;Bruidspaar;1695.0;
1418;Jacob van der Voore & Sara Galenus;Bruidspaar;1695.0;
1419;Dirk ten Kate & Johanna Kist;Bruidspaar;1696.0;
1420;Pieter Bernagie;Auteur;;
1421;Isaac Feitama;Auteur;;
1422;N. ten Kate;Auteur;;
1423;Catharina van der Meersch;Auteur;;
1424;Paschyna van Mazeyk;Auteur;;
1425;Martinus Crellius;Auteur;;
1426;P. van der Meersch;Auteur;;
1427;Joan van der Helst & Petronella Hobbe;Bruidspaar;1696.0;
1428;R. Stapel;Auteur;;
1429;Johannes van de Ryp & Judith ten Kate;Bruidspaar;1696.0;
1430;Theodoor ten Kate & Johanna Kist;Bruidspaar;1696.0;
1431;Joannes Boelema & Geertruid van der Lip;Bruidspaar;1697.0;
1432;J. de Roode;Auteur;;
1433;Regnerus de Lover;Auteur;;
1434;Michiel Elias & Maria Margareta Wiltschut;Bruidspaar;1697.0;
1435;Abraham Welzing;Auteur;;
1436;Arent van Gysen;Auteur;;
1437;Anthony Timmerman & Agneta van Eyck;Bruidspaar;1697.0;
1438;Gale Gales & Katarina La Clé;Bruidspaar;1698.0;
1439;Jacob Feitama & Sara van Lennep;Bruidspaar;1698.0;
1440;Gerard Reessen & Geertruid van der Keere;Bruidspaar;1698.0;
1441;Anthony Bogaert;Auteur;;
1442;François de A.W. Kaarsgieter;Auteur;;
1443;Pierre Marin;Auteur;;
1444;Gerard Hilken & Anna Brants;Bruidspaar;1698.0;
1445;Jan de Water;Auteur;;
1446;François Kox & Sara de Stoppelaar;Bruidspaar;1698.0;
1447;François de Kaarsgieter;Auteur;;
1448;Matheus de Neufville & Maria de Neufville;Bruidspaar;1699.0;
1449;Abraham Hoorens & Catharina Linnich;Bruidspaar;1699.0;
1450;Abraham Gryspaard & Susanna de Munnik;Bruidspaar;1700.0;
1451;Johannes Wallis;Auteur;;
1452;Pieter van Toorenburg;Auteur;;
1453;Adriaan van Houten;Auteur;;
1454;Abraham Verhammen & Catharina de Neufville;Bruidspaar;1700.0;
1455;Isaac Simkinson & Elizabeth Clifford;Bruidspaar;1700.0;
1456;P.M. D.S.;Auteur;;
1457;Guillermo Du Try & Cornelia Houtman;Bruidspaar;1700.0;
1458;Adriaan Oets & Maria de Lange;Bruidspaar;1700.0;
1459;Daniel Cornelisz Hoorens & Margareta Blok;Bruidspaar;1700.0;
1460;Abraham Verhamme & Maria Snep;Bruidspaar;1700.0;
1461;Daniel Hoorens Cornelisz & Margareta Block;Bruidspaar;1700.0;
1462;Jan van Halmael & Cornelia de Veer;Bruidspaar;1701.0;
1463;J.J. Coppenol Efflant;Auteur;;
1464;Isaac Teyler & Maria van der Hulst;Bruidspaar;1701.0;
1465;N. Verbeek;Auteur;;
1466;Jan van Dalen;Auteur;;
1467;George Hoffham & Geertruida Geelings;Bruidspaar;1701.0;
1468;Jacob van der Keere & Johanna Verhammen;Bruidspaar;1702.0;
1469;Hendrik van Beeck & Debora van Vollenhoven;Bruidspaar;1702.0;
1470;Anthony Hoorens & Margareta Geldorp;Bruidspaar;1703.0;
1471;S. van Elsland;Auteur;;
1472;François van Halmael & Sara de Witt;Bruidspaar;1703.0;
1473;Jacob Dankers & Maria Kennemer;Bruidspaar;1703.0;
1474;Dirck Bruininck & Catharina Inses;Bruidspaar;1705.0;
1475;Jacob Marchant & Jorina Copyn;Bruidspaar;1705.0;
1476;Cornelis Marchant;Auteur;;
1477;A. Grosthuysen;Auteur;;
1478;Pieter van der Biet & Maria Koning;Bruidspaar;1705.0;
1479;Abraham (Jr) Verhammen & Johanna Maria Slagregen;Bruidspaar;1705.0;
1480;Coenraad Christoffers & Klare Margarete Volkerts;Bruidspaar;1705.0;
1481;Pieter Nuyts;Auteur;;
1482;Pieter Reeland & Eva Govertz;Bruidspaar;1705.0;
1483;Gebroeders Brouerius & Gezusters Hermansz.;Bruidspaar;1705.0;
1484;Willem van Reesema & Katharina Gryspeert;Bruidspaar;1706.0;
1485;Petrus Castelein;Auteur;;
1486;Abraham van den Bergh & Susanna van Arckel;Bruidspaar;1706.0;
1487;Johannes de Haan & Sibilla van de Sand;Bruidspaar;1706.0;
1488;Jan van Aken & Elizabet Vermeersch;Bruidspaar;1706.0;
1489;Hendrik J.V.L. Leeuwschen;Auteur;;
1490;Jan Kalckoen;Auteur;;
1491;David Slyk & Maria Facett;Bruidspaar;1706.0;
1492;Arnold van Oud & Geertruid Haak;Bruidspaar;1706.0;
1493;Jan Hondius & Elizabeth Visscher;Bruidspaar;1706.0;
1494;L.C. J.J.O.;Auteur;;
1495;Peter Vlaming & Wynanda Calkoen;Bruidspaar;1706.0;
1496;Dirk Velthaan & Agneta Hakkebort;Bruidspaar;1707.0;
1497;Jan Popta & Susanna Hakkebort;Bruidspaar;1707.0;
1498;Coenraad van Vollenhoven & Susanna van Diepenbroek;Bruidspaar;1707.0;
1499;Coenraad van Diepenbroek;Auteur;;
1500;Jan Swart & Sara van Heule;Bruidspaar;1707.0;
1501;Joannes Bontekoning & Cornelia Ubbenius;Bruidspaar;1707.0;
1502;Pieter van der Heyden & Joanna Berveling;Bruidspaar;1707.0;
1503;Hermanus Berveling;Auteur;;
1504;H. van der Heyden;Auteur;;
1505;Michiel Blok & Maria van Beeck;Bruidspaar;1707.0;
1506;George Clifford & Johanna Bouwens;Bruidspaar;1707.0;
1507;Ambrosius Gosche & Anna van Oudshoorn;Bruidspaar;1707.0;
1508;Pieter Delcourt;Auteur;;
1509;Andries Dorp & Adriana Styvers;Bruidspaar;1707.0;
1510;Abraham van Heule & Aemilia Perling;Bruidspaar;1707.0;
1511;Jacob Verbeek & Maria van Raat;Bruidspaar;1708.0;
1512;Jan Egels & Maria Snep;Bruidspaar;1708.0;
1513;Johannes Hol & Margareta van Westerhoven;Bruidspaar;1708.0;
1514;Jan van Westerhoven;Auteur;;
1515;Cornelis Marchant & Christina Uilenberg;Bruidspaar;1708.0;
1516;Jan Nieuwkerk & Sara Boursse;Bruidspaar;1708.0;
1517;Jan van Pomeren & Hendrina Gryspeert;Bruidspaar;1709.0;
1518;D. Bronsveldt;Auteur;;
1519;Hendrik Haye & Cathalina Veldhaan;Bruidspaar;1709.0;
1520;Hendrik van Speek & Catharina van Oosten;Bruidspaar;1710.0;
1521;Nicolaas Asschenbergh & Sophia Hartgers;Bruidspaar;1710.0;
1522;Koenraed van Schellebeeck & Anna Magdalena Lund;Bruidspaar;1711.0;
1523;Lourens Wiegersma & Anna Lutsekerk;Bruidspaar;1711.0;
1524;J.H. J.T. J.W.;Auteur;;
1525;W. Sknilletjes;Auteur;;
1526;J. Wesselink;Auteur;;
1527;Nicolaas van Veen & Anna Asschenberg;Bruidspaar;1711.0;
1528;Jan Hinlopen & Johanna van Goor;Bruidspaar;1712.0;
1529;Joannes Bogaert;Auteur;;
1530;Jan Jz van Keulen & Margareta Thin;Bruidspaar;1712.0;
1531;Ludowina Konst;Auteur;;
1532;Everhard Kraeyvanger;Auteur;;
1533;J.F.;Auteur;;
1534;Francois van Harencarspel & Anna Apolonia Looten;Bruidspaar;1712.0;
1535;Anthony Deutz & Ida Agata Temminck;Bruidspaar;1713.0;
1536;Adriaan de Wacker;Auteur;;
1537;Joan Marcus & Anna van Norden;Bruidspaar;1714.0;
1538;Johannes Wils & Johanna Parent;Bruidspaar;1714.0;
1539;J. de Graaff;Auteur;;
1540;T. van Velsen;Auteur;;
1541;Anthony van den Bogaard & Sara Cardoes;Bruidspaar;1714.0;
1542;Isaak Oostenraat & Maria van den Bogaard;Bruidspaar;1715.0;
1543;Evert Franse & Alida Groenewoud;Bruidspaar;1715.0;
1544;Jan Oosterwyk & Sara Groenewoud;Bruidspaar;1715.0;
1545;Abraham Voegen & Joanna Kroplant;Bruidspaar;1716.0;
1546;Christiaen Meyer & Johanna Petersen;Bruidspaar;1716.0;
1547;M. H.D.G.M. Petersen;Auteur;;
1548;Petersen;Auteur;;
1549;Jacob Kruytberg & Hillegonda Koning;Bruidspaar;1716.0;
1550;Joachim Refdaal & Kornelia van Speek;Bruidspaar;1716.0;
1551;Isaac Rauws & Catharina Cornelia Temminck;Bruidspaar;1716.0;
1552;Pieter Kops & Maria Barnaarts;Bruidspaar;1716.0;
1553;Dirk van Lennep & Catharina de Neufville;Bruidspaar;1716.0;
1554;Balthasar Scött & Constantia Aletta Coymans;Bruidspaar;1716.0;
1555;Daniel Sluim & Maria van Grieken;Bruidspaar;1717.0;
1556;Ellart de Weer de Wit & Alida Entrop;Bruidspaar;1718.0;
1557;Johannes de Wit (Jr);Auteur;;
1558;Petrus de Wit;Auteur;;
1559;Laurens de Haan;Auteur;;
1560;Henriette Elizabeth de With;Auteur;;
1561;Jacobus de Groot;Auteur;;
1562;Daniel Nicolaes Olbers & Alida Elisabeth du Bucquoy;Bruidspaar;1718.0;
1563;Jan Goukens & Belia Greving;Bruidspaar;1718.0;
1564;Zeger van Son & Petronella de Wacker;Bruidspaar;1718.0;
1565;Hendrik Hazebroek & Ida Kornelia Marcus;Bruidspaar;1719.0;
1566;W. Marcus;Auteur;;
1567;J.Jz Marcus;Auteur;;
1568;Jan Ermen & Maria Lups;Bruidspaar;1719.0;
1569;Everard Francois Schimmelpenningh & Sara du Try;Bruidspaar;1719.0;
1570;Wynand Koch & Johanna Katharina van Malsen;Bruidspaar;1719.0;
1571;Jan van den Bosch & Cornelia Eliana Scott;Bruidspaar;1720.0;
1572;Galenus van Baerle & Johanna Willemina Streso;Bruidspaar;1720.0;
1573;Aurelia Zwartte;Auteur;;
1574;Hermanus Verwit;Auteur;;
1575;L. Ryk;Auteur;;
1576;Pieter Mayden & Elizabeth Seevenhuysen;Bruidspaar;1720.0;
1577;Joannes  Oosterwyk;Auteur;;
1578;Henrik van Halmael & Cathrina van Boorn;Bruidspaar;1720.0;
1579;Jan van Dinteren & Susanna Coleprys;Bruidspaar;1721.0;
1580;François Vasmer & Geertruy van Drielst;Bruidspaar;1721.0;
1581;Fs van Zoelen;Auteur;;
1582;Hermanus Uytwerf & Elisabeth van Amelonsen;Bruidspaar;1721.0;
1583;Pieter van Loon & Agneta Graswinckel;Bruidspaar;1722.0;
1584;David Barnaart & Maria van Diepenbroek;Bruidspaar;1722.0;
1585;Jacob Gerritze Stip & Cristina Tymese Kleyn;Bruidspaar;1723.0;
1586;Marten Schrick & Catharina van Hemert;Bruidspaar;1723.0;
1587;Jan de Heeger & Suzanna Swigtenheuvel;Bruidspaar;1723.0;
1588;Jan Silvius & Alida Cövens;Bruidspaar;1723.0;
1589;David de la Vigne & Suzanna Griffin;Bruidspaar;1723.0;
1590;Jan van Loon & Cornelia Munter;Bruidspaar;1724.0;
1591;Jan Putter & Grietje Kuynder;Bruidspaar;1724.0;
1592;Jan de Haan Abrahamsz. & Catharina de Haan;Bruidspaar;1724.0;
1593;Isaac Nylant & Johanna de Veer;Bruidspaar;1725.0;
1594;Abraham de Veer;Auteur;;
1595;Isaac Kintsius;Auteur;;
1596;Pieter de Veer;Auteur;;
1597;Nicolaas Hoppenaar & Debora Vestenburgh;Bruidspaar;1725.0;
1598;Cornelis Vestenburgh;Auteur;;
1599;Pieter Haak & Wynanda van Loozen;Bruidspaar;1725.0;
1600;Ysbrand Ysbrandsz Vincent & Johanna Paauw;Bruidspaar;1726.0;
1601;Levinius Vincent;Auteur;;
1602;Frederik Verbrugge & Margareta Catharina Duyvensz;Bruidspaar;1726.0;
1603;Valerius Doitsma;Auteur;;
1604;Thaddaeus Hardeboll';Auteur;;
1605;Andries van Schaeck & Katharina Haack;Bruidspaar;1726.0;
1606;Dirk Meysenheym & Wilmina Borchers;Bruidspaar;1726.0;
1607;Jan Walien Hendriksz. & Geertruit Eppenhof;Bruidspaar;1726.0;
1608;Willem van der Moesel & Catharina Margreta Rokogh;Bruidspaar;1727.0;
1609;Antonia F.R. Bakx;Auteur;;
1610;Jan Wenkink & Belia van Nuld;Bruidspaar;1727.0;
1611;Nicolaas Jongsma & Anna Bonnama;Bruidspaar;1728.0;
1612;Samuel Wiselius & Sara van der Linde;Bruidspaar;1729.0;
1613;Andreas Wolff & Elisabeth Henrietta Snitquer;Bruidspaar;1730.0;
1614;Joan Muysken & Catharina Regina van Romond;Bruidspaar;1730.0;
1615;Hendricus Broes & Susanna van der Biet;Bruidspaar;1731.0;
1616;Jan William Westerveld & Geertruy Verpoorten;Bruidspaar;1735.0;
1617;Jan Verpoorten;Auteur;;
1618;Gerred de Broen;Auteur;;
1619;Jan Hendrik Cramer & Clara Maria Christoffers;Bruidspaar;1736.0;
1620;Gerard Bouricius;Auteur;;
1621;Jacob Coenraadsz Christoffers;Auteur;;
1622;C. Christoffers;Auteur;;
1623;Jan Christoffers;Auteur;;
1624;Marten Blöte & Elisabeth de Bruyn;Bruidspaar;1737.0;
1625;P. Blöte;Auteur;;
1626;J. de (Jr) Bruyn;Auteur;;
1627;Jacobus de Laater;Auteur;;
1628;Paulus Loot & Margareta Verhammen;Bruidspaar;1737.0;
1629;Rudolph Willem van Pabst & Anthonia Huygens;Bruidspaar;1737.0;
1630;Hendrik Meysenheym & Maria van Werven;Bruidspaar;1738.0;
1631;Hendrik Meysenheym (Jr);Auteur;;
1632;Hendrik (Jr) Graauwhart;Auteur;;
1633;Maria Graauwhart;Auteur;;
1634;Hendrik van Castrop;Auteur;;
1635;J.V.D.H.;Auteur;;
1636;Petrus Conradi & Christina van der Valk;Bruidspaar;1741.0;
1637;Johannes M.C.V.H. Schrader;Auteur;;
1638;J.H. J.C.;Auteur;;
1639;Jan Adriaan Victer & Abilia Gillis;Bruidspaar;1743.0;
1640;Anna Camper;Auteur;;
1641;Gysbert Gillis;Auteur;;
1642;Gerrit de Haas;Auteur;;
1643;Emilia Gillis;Auteur;;
1644;Anna de Haas;Auteur;;
1645;H.C.;Auteur;;
1646;L.P. van Eyk;Auteur;;
1647;Jan Adriaen van Eyk;Auteur;;
1648;Joannes van den Broek;Auteur;;
1649;Hendrik van der Hooght & Anna Maria de Melander;Bruidspaar;1745.0;
1650;J. de Melander;Auteur;;
1651;Isaac de Melander;Auteur;;
1652;J. van der Hooght;Auteur;;
1653;Hendrik jr Graauwhart;Auteur;;
1654;Daniël Adrianus Beukelaar & Anna Maria Kerkhoven;Bruidspaar;1746.0;
1655;Theodorus Crajenschot;Drukker;;Amsterdam
1656;Jan Willem Kerkhoven;Auteur;;
1657;Rudolph Marcus;Auteur;;
1658;Egbert Kleyn;Auteur;;
1659;Jan de Vries;Auteur;;
1660;H.G. (Jr);Auteur;;
1661;E.J. van Arrewyne;Auteur;;
1662;Joannes Bollard;Auteur;;
1663;Bernardus Dronryp & Anna Cornelia van der Hooght;Bruidspaar;1746.0;
1664;Cornelis van Rhenen & Cecilia Beeke;Bruidspaar;1747.0;
1665;Cornelis van Rhenen;Auteur;;
1666;Cecilia Beeke;Auteur;;
1667;Petronella Beeke;Auteur;;
1668;Abigail van Rhenen;Auteur;;
1669;Elizabeth van Esterwegen;Auteur;;
1670;Simon Jansz Beeke;Auteur;;
1671;J.E. Sasselee;Auteur;;
1672;B.S.S.;Auteur;;
1673;Henricus Beeke;Auteur;;
1674;Mathys Verdonk;Auteur;;
1675;Paulus Visscher & Clasina Hekhuysen;Bruidspaar;1747.0;
1676;Adriana Beeke geb. Visscher;Auteur;;
1677;Catharina Visscher;Auteur;;
1678;Anna Visscher;Auteur;;
1679;Gerard Visscher;Auteur;;
1680;Gerardus de Broen & Margareta Dronkemol;Bruidspaar;1748.0;
1681;Jan Remery;Auteur;;
1682;Pieter van Buytene & Maria van Spyk;Bruidspaar;1748.0;
1683;J. Houtman;Auteur;;
1684;Theodorus Henricus Erkelens & Maria Sasselee;Bruidspaar;1748.0;
1685;Clemens August Maria van Kerckerinck & Isabella Louisa de Surmont;Bruidspaar;1748.0;
1686;Jan Punt & Johanna Maria Chicot;Bruidspaar;1748.0;
1687;Abraham Maas;Auteur;;
1688;Jacob Cornelis Schoots van Capelle & Elizabeth Sophia Hecker;Bruidspaar;1748.0;
1689;L. Helper;Auteur;;
1690;Jacob Vos;Auteur;;
1691;Carel Roos;Auteur;;
1692;H. Wibbing;Auteur;;
1693;Jacobs Cornelis Schoots van Capelle & Elisabeth Sophia Hecker;Bruidspaar;1748.0;
1694;Michiel van Bommel & Maria Ackerman;Bruidspaar;1749.0;
1695;Willem de Bruyn & Maria Geertruyda van der Linden;Bruidspaar;1749.0;
1696;Pieter Coeymans;Auteur;;
1697;Js Liphart;Auteur;;
1698;Jan van Cralingen & Elisabeth de Bruyn;Bruidspaar;1749.0;
1699;Clara de Bruyn;Auteur;;
1700;Jacob P.B.B. Freni;Auteur;;
1701;Jacob Campen;Auteur;;
1702;Pieter van den Bosch;Auteur;;
1703;Gerard Muyser & Geertruida Roscam;Bruidspaar;1749.0;
1704;Gerard Muyser;Auteur;;
1705;Sara Lomannus;Auteur;;
1706;Jan Willem Roscam;Auteur;;
1707;Willem Schuit;Auteur;;
1708;Christoffel Brandt;Auteur;;
1709;Henri Jean Roullaud;Auteur;;
1710;Joannes Franciscus Delsing;Auteur;;
1711;Pieter Hoogenhuysen;Auteur;;
1712;Joannes Bloemen & Colomba Duyn;Bruidspaar;1750.0;
1713;T.J. Ewald;Auteur;;
1714;Caspar Boekholtz & Cornelia Margareta Camerbeek;Bruidspaar;1750.0;
1715;D. Boekholtz;Auteur;;
1716;Splinterus Françiscus Camerbeek;Auteur;;
1717;Arnoldus van Brienen;Auteur;;
1718;Johannes van K.V.D. Brienen;Auteur;;
1719;Willem Theodorus Huygens & Henrietta Cornelia van Marselis;Bruidspaar;1750.0;
1720;Nicolaas Faas;Auteur;;
1721;David Melissen & Cornelia Polster;Bruidspaar;1750.0;
1722;Jan Pietersz van de Poll (1726-1781) & Sara de La Court;Bruidspaar;1750.0;
1723;Vryhart;Auteur;;
1724;Pieter van de Poll & Catharina Susanna van den Bempden;Bruidspaar;1750.0;
1725;Jacob Posthumus & Willemina Hellingh;Bruidspaar;1750.0;
1726;Pieter Posthumus;Auteur;;
1727;Laurens Hellingh;Auteur;;
1728;Maria Posthumus;Auteur;;
1729;Johannes Menkema;Auteur;;
1730;Pieter Voltelen;Auteur;;
1731;C.;Auteur;;
1732;Jan van den Hoed & Cornelia Branger;Bruidspaar;1751.0;
1733;Reynier van Houtum & Elisabeth Maria Delsing;Bruidspaar;1751.0;
1734;Maria Cornelia van den Idsert;Auteur;;
1735;J. Delsing;Auteur;;
1736;Cornelis de Wolff;Auteur;;
1737;Bernardus Beeke;Auteur;;
1738;Pieter Neuman & Alida Gaffelbroek;Bruidspaar;1751.0;
1739;Jean Joachim Parelle & Maria Branger;Bruidspaar;1751.0;
1740;Kornelis van Dokkum;Auteur;;
1741;Jean Rigail & Marthe Ferrieres;Bruidspaar;1751.0;
1742;Jean Rigail (Jr);Auteur;;
1743;Isaäc Corneille Rigail;Auteur;;
1744;Jeanne Rigail;Auteur;;
1745;Isaäc Pierre Lalauze;Auteur;;
1746;Nicolaas Ryke & Johanna Christina Kramer;Bruidspaar;1751.0;
1747;Jan Baptista Ryke;Auteur;;
1748;Jean Philip Gillis & Maria Agnes Michel;Bruidspaar;1752.0;
1749;Jan Willem Kerkhoven & Catharina Margaretha Smit;Bruidspaar;1752.0;
1750;Anna Maria Beukelaar geb. Kerkhoven;Auteur;;
1751;Pieter Kerkhoven;Auteur;;
1752;J. van den Kommer;Auteur;;
1753;Pieter Bol;Auteur;;
1754;Anthony Spatsier;Auteur;;
1755;Adriaan Koning;Auteur;;
1756;Jan Cornelis Lampsins & Margaretha Sautyn;Bruidspaar;1752.0;
1757;Gijsbert van Leeuwen & Anna Maria Teerink;Bruidspaar;1752.0;
1758;Jacques de Superville & Maria Noose;Bruidspaar;1752.0;
1759;Dirk van Schorrenbergh & Johanna Maria de Roy;Bruidspaar;1753.0;
1760;Gerard de Roy;Auteur;;
1761;Jan George ten Sande & Elizabeth Jaspers;Bruidspaar;1753.0;
1762;Christoffel Meylink & Henrica Seyger;Bruidspaar;1753.0;
1763;Antonius Christianus Meylink;Auteur;;
1764;Joannes Meylink;Auteur;;
1765;Catharina Margareta Meylink;Auteur;;
1766;Maria Agnes Meylink;Auteur;;
1767;Arnoldus van Rootzelaar & Elizabeth Ordykus;Bruidspaar;1753.0;
1768;M. D.G. Ordykus;Auteur;;
1769;Wessel van Buren & Elisabeth Rynders;Bruidspaar;1754.0;
1770;Sara van Buren;Auteur;;
1771;Cunera van Zee;Auteur;;
1772;Hendrik van Schalkwyk & Christina Katharina Del Borgo;Bruidspaar;1754.0;
1773;Joan Scherenberg & Helena Cornelia Smith;Bruidspaar;1754.0;
1774;Anna Catharina Smith;Auteur;;
1775;Johanna Jacoba Scherenberg Smith;Auteur;;
1776;Jan Willemsz Veening;Auteur;;
1777;Gualtherus Schouten & Joanna Catharina Coppens;Bruidspaar;1754.0;
1778;Hermanus van Aalst & Theodora van Hillegom;Bruidspaar;1755.0;
1779;Coenraad van Hillegom;Auteur;;
1780;Pedro Jil de Olondriz & Helena Maria Staats;Bruidspaar;1755.0;
1781;Hendrik Gerritsz Staats;Auteur;;
1782;Hendrik van Wayenburg & Catharina ten Sande;Bruidspaar;1755.0;
1783;Jan George ten Sande;Auteur;;
1784;Joannes van Wayenburg;Auteur;;
1785;Joannes van Wayenburg & Anna Maria Schrant;Bruidspaar;1755.0;
1786;Hendrik van Wayenburg;Auteur;;
1787;Bernardus Woortman & Maria Roos;Bruidspaar;1755.0;
1788;Cornelis Bartholomeusz van Lommen & Sara van Buren;Bruidspaar;1756.0;
1789;Arnoldus van der Maat;Auteur;;
1790;Antoni van Lommen;Auteur;;
1791;Jacobus Crajenschot;Auteur;;
1792;Maria Catharina ten Oever;Auteur;;
1793;Jan Maree & Elizabeth Gerritzen Klyn;Bruidspaar;1756.0;
1794;Geertruida Maree;Auteur;;
1795;Maria Maree;Auteur;;
1796;Cornelis de Roeper & Margareta Beverdyk;Bruidspaar;1756.0;
1797;Lambertus Wilmes & Maria Slummer;Bruidspaar;1756.0;
1798;Jan Sinkel;Auteur;;
1799;Henricus van Wyngaarden & Maria Cornelia van den Idsert;Bruidspaar;1756.0;
1800;C. Carli;Auteur;;
1801;Hieronimus van Beurden & Elisabeth Houwert;Bruidspaar;1757.0;
1802;Cornelis Albertus Cock & Johanna Margaretha Bout;Bruidspaar;1757.0;
1803;Johannes Bout;Auteur;;
1804;Schelte Albertse Cock;Auteur;;
1805;Joannes Franciscus Delsing & Maria Catharina van Houtum;Bruidspaar;1757.0;
1806;E.F. Pelgrom;Auteur;;
1807;Reynier van Houtum;Auteur;;
1808;Guilleaume Bernabé Pietersz de Labat & Elizabeth Adriana Hoffham;Bruidspaar;1757.0;
1809;A. de Labat;Auteur;;
1810;Hendrik Hoffham;Auteur;;
1811;J. Hoffham;Auteur;;
1812;Jan Hartgers Asschenberg;Auteur;;
1813;Marcus van Arp;Auteur;;
1814;J.W. van Arp;Auteur;;
1815;Daniel Hendrik Stephan;Auteur;;
1816;Bernardus de Roy & Helena Urzula Brack;Bruidspaar;1757.0;
1817;Anna Maria de Roy;Auteur;;
1818;Willem Anthonie de Roy;Auteur;;
1819;Diderik Schutte & Anna van Buren;Bruidspaar;1757.0;
1820;Jacoba Schutte;Auteur;;
1821;Elisabeth Schutte;Auteur;;
1822;Herman Ottoz. Schutte;Auteur;;
1823;Diderik Ottoz. Schutte;Auteur;;
1824;B.T.;Auteur;;
1825;H.v.B.;Auteur;;
1826;Lambertus Warninck & Maria Aletta Beudeker;Bruidspaar;1757.0;
1827;E. L.O. Beudeker;Auteur;;
1828;Daniël Beudeker;Auteur;;
1829;Joannes Henricus Belleflam & Maria Gesiena Ruhoff;Bruidspaar;1758.0;
1830;Jacobus Hermanus Belleflam;Auteur;;
1831;Joannes Jacobus Jotzselaar;Auteur;;
1832;Joannes Michaël Lageman;Auteur;;
1833;Jacob Louis Gilles & Geertrudis Maria Roest;Bruidspaar;1758.0;
1834;C.J. Gilles;Auteur;;
1835;Jan Hendrik Duisenberg & Alida Brandt;Bruidspaar;1759.0;
1836;Simon Styl;Auteur;;
1837;Louis André & Johanna van Maasland;Bruidspaar;1759.0;
1838;Sebastiaan Vin;Auteur;;
1839;Abraham Mylius & Elisabeth Ida Seignette;Bruidspaar;1759.0;
1840;Benjamin Mylius;Auteur;;
1841;Anthon Ulrich van Pleuren;Auteur;;
1842;Nicolaas Vin & Antonettha Bottier;Bruidspaar;1759.0;
1843;Jean Bottier;Auteur;;
1844;Jaques Giraudet & Esther Pecheur;Bruidspaar;1760.0;
